TYPE,SITE_ID,SITE_PID,SITE_TYPE,NAME_ENG,NAME,DESIG,DESIG_ENG,DESIG_TYPE,IUCN_CAT,INT_CRIT,REALM,REP_M_AREA,GIS_M_AREA,REP_AREA,GIS_AREA,NO_TAKE,NO_TK_AREA,STATUS,STATUS_YR,GOV_TYPE,GOVSUBTYPE,OWN_TYPE,OWNSUBTYPE,MANG_AUTH,MANG_PLAN,VERIF,METADATAID,PRNT_ISO3,ISO3,SUPP_INFO,CONS_OBJ,INLND_WTRS,OECM_ASMT
Polygon,903139,903139,PA,Surtsey,Surtsey,World Heritage Site (natural or mixed),World Heritage Site (natural or mixed),International,Not Applicable,(ix),Marine,0,32.4239686882444,33.7,33.8355174019001,Not Reported,0,Inscribed,2008,Not Reported,Not Applicable,Not Reported,Not Applicable,Not Reported,Not Reported,State Verified,946,ISL,ISL,Not Applicable,Not Applicable,Not Applicable,Not Applicable
Polygon,2068,2068_1,PA,Commune de Fakarava,Commune de Fakarava,Réserve de biosphère,UNESCO-MAB Biosphere Reserve,International,Not Applicable,Not Applicable,Marine,19670.04543,19668.9321607375,19844.904539,19844.9045385836,Not Reported,0,Designated,1977,Not Reported,Not Applicable,Not Reported,Not Applicable,Not Reported,Not Reported,State Verified,2119,FRA,PYF,Not Applicable,Not Applicable,Not Applicable,Not Applicable
Polygon,900879,900879,PA,Monte San Giorgio,Monte San Giorgio,World Heritage Site (natural or mixed),World Heritage Site (natural or mixed),International,Not Applicable,(viii),Terrestrial,0,0,10.8934,11.2321983654688,Not Applicable,0,Inscribed,2003,Not Reported,Not Applicable,Not Reported,Not Applicable,Not Reported,Not Reported,State Verified,946,CHE;ITA,CHE;ITA,Not Applicable,Not Applicable,Not Reported,Not Applicable
Polygon,198296,198296,PA,Area de Conservación Guanacaste,Zone de conservation de Guanacaste,World Heritage Site (natural or mixed),World Heritage Site (natural or mixed),International,Not Applicable,(ix);(x),Coastal,0,451.116787717717,1470,1452.11788790424,Not Reported,0,Inscribed,1999,Not Reported,Not Applicable,Not Reported,Not Applicable,Not Reported,Not Reported,State Verified,946,CRI,CRI,Not Applicable,Not Applicable,Not Reported,Not Applicable
Polygon,902368,902368,PA,St Kilda,Île de St Kilda,World Heritage Site (natural or mixed),World Heritage Site (natural or mixed),International,Not Applicable,(iii);(ix);(v);(vii);(x),Marine,0,245.347395210483,242.014004,253.949589092615,Not Reported,0,Inscribed,1986,Not Reported,Not Applicable,Not Reported,Not Applicable,Not Reported,Not Reported,State Verified,946,GBR,GBR,Not Applicable,Not Applicable,Not Applicable,Not Applicable
Polygon,5003,5003,PA,Taï National Park,Parc national de Taï,World Heritage Site (natural or mixed),World Heritage Site (natural or mixed),International,Not Applicable,(vii);(x),Terrestrial,0,0,3300,3459.53369849757,Not Applicable,0,Inscribed,1982,Government-delegated management,Not Applicable,Not Reported,Not Applicable,Office Ivoirien des Parcs et Réserves,Existing,State Verified,946,CIV,CIV,Not Applicable,Not Applicable,Not Reported,Not Applicable
Polygon,555784011,555784011,PA,Tugay forests of the Tigrovaya Balka Nature Reserve,Tugay forests of the Tigrovaya Balka Nature Reserve,World Heritage Site (natural or mixed),World Heritage Site (natural or mixed),International,Not Applicable,(ix),Terrestrial,0,0,497.86,492.505193488958,Not Applicable,0,Inscribed,2023,Not Reported,Not Applicable,Not Reported,Not Applicable,Not Reported,Not Reported,State Verified,946,TJK,TJK,Not Applicable,Not Applicable,Not Reported,Not Applicable
Polygon,555586837,555586837,PA,Kashtayit State Marine Conservation Area,Kashtayit State Marine Conservation Area,Marine Protected Area,Marine Protected Area,National,V,Not Applicable,Marine,0,5.07567522753256,5.2255050479,5.22550459469453,None,0,Designated,2012,Sub-national ministry or agency,Not Applicable,State,Not Applicable,State Fish and Wildlife,MPA Programmatic Management Plan,State Verified,1848,USA,USA,Not Applicable,Not Applicable,Not Applicable,Not Applicable
Polygon,93290,93290,PA,Messel Pit Fossil Site,Site fossilifère de Messel,World Heritage Site (natural or mixed),World Heritage Site (natural or mixed),International,Not Applicable,(viii),Terrestrial,0,0,0.42,0.417164182963823,Not Applicable,0,Inscribed,1995,Not Reported,Not Applicable,Not Reported,Not Applicable,Not Reported,Not Reported,State Verified,946,DEU,DEU,Not Applicable,Not Applicable,Not Reported,Not Applicable
Polygon,902347,902347,PA,Cape Floral Region Protected Areas,Aires protégées de la Région florale du Cap,World Heritage Site (natural or mixed),World Heritage Site (natural or mixed),International,Not Applicable,(ix);(x),Terrestrial,0,27.1924069121873,10947.42,11017.2777374462,Not Applicable,0,Inscribed,2004,Federal or national ministry or agency,Not Applicable,State,Not Applicable,Cape Nature,Not Reported,State Verified,946,ZAF,ZAF,Not Applicable,Not Applicable,Not Reported,Not Applicable
Polygon,555576546,555576546,PA,Munkhkhairkhan-Uenchiin khavtsal,Мөнххайрхан-Үенчийн хавцал,Байгалийн цогцолборт газар,National Park,National,II,Not Applicable,Terrestrial,0,0,5060.96701427,4937.81332789087,Not Applicable,0,Designated,2011,Government-delegated management,Not Applicable,State,Not Applicable,Ministry of Environment and Tourism,Not Reported,State Verified,1803,MNG,MNG,Not Applicable,Not Applicable,Not Reported,Not Applicable
Polygon,478640,478640,PA,Hierapolis-Pamukkale,Hierapoli -Pamukkale,World Heritage Site (natural or mixed),World Heritage Site (natural or mixed),International,Not Applicable,(iii);(iv);(vii),Terrestrial,0,0,10.77,10.6499258607776,Not Applicable,0,Inscribed,1988,Not Reported,Not Applicable,Not Reported,Not Applicable,Not Reported,Not Reported,State Verified,946,TUR,TUR,Not Applicable,Not Applicable,Not Reported,Not Applicable
Polygon,902902,902902,PA,"Sichuan Giant Panda Sanctuaries - Wolong, Mt Siguniang and Jiajin Mountains","Sanctuaires du grand panda du Sichuan - Wolong, Mont Siguniang et Montagnes de Jiajin",World Heritage Site (natural or mixed),World Heritage Site (natural or mixed),International,Not Applicable,(x),Terrestrial,0,0,9245,9829.28094706338,Not Applicable,0,Inscribed,2006,Not Reported,Not Applicable,Not Reported,Not Applicable,Not Reported,Not Reported,State Verified,946,CHN,CHN,Not Applicable,Not Applicable,Not Reported,Not Applicable
Polygon,17050,17050,PA,Mount Taishan,Mont Taishan,World Heritage Site (natural or mixed),World Heritage Site (natural or mixed),International,Not Applicable,(i);(ii);(iii);(iv);(v);(vi);(vii),Terrestrial,0,0,250,269.620959649677,Not Applicable,0,Inscribed,1987,Not Reported,Not Applicable,Not Reported,Not Applicable,Not Reported,Not Reported,State Verified,946,CHN,CHN,Not Applicable,Not Applicable,Not Reported,Not Applicable
Polygon,2570,2570,PA,Los Glaciares National Park,Parque Nacional Los Glaciares,Sitio Patrimonio de la Humanidad (natural o mixto),World Heritage Site (natural or mixed),International,Not Applicable,(vii);(viii),Terrestrial,0,0,7269.27,7194.53582258433,Not Applicable,0,Inscribed,1981,Not Reported,Not Applicable,Not Reported,Not Applicable,Not Reported,Not Reported,State Verified,946,ARG,ARG,Not Applicable,Not Applicable,Not Reported,Not Applicable
Polygon,10904,10904,PA,Lake Malawi National Park,Parc national du lac Malawi,World Heritage Site (natural or mixed),World Heritage Site (natural or mixed),International,Not Applicable,(ix);(vii);(x),Terrestrial,0,0,94,86.6729560444611,Not Applicable,0,Inscribed,1984,Not Reported,Not Applicable,Not Reported,Not Applicable,Not Reported,Not Reported,State Verified,946,MWI,MWI,Not Applicable,Not Applicable,Not Reported,Not Applicable
Polygon,555698179,555698179,PA,Chiribiquete National Park – “The Maloca of the Jaguar”,Chiribiquete National Park – “The Maloca of the Jaguar”,World Heritage Site (natural or mixed),World Heritage Site (natural or mixed),International,Not Applicable,(iii);(ix);(x),Terrestrial,0,0,27823.54,27797.6718413621,Not Applicable,0,Inscribed,2018,Federal or national ministry or agency,Not Applicable,State,Not Applicable,Parques Nacionales Naturales de Colombia,Not Reported,State Verified,946,COL,COL,Not Applicable,Not Applicable,Not Reported,Not Applicable
Polygon,61610,61610,PA,Los Katíos National Park,Parc national de Los Katíos,World Heritage Site (natural or mixed),World Heritage Site (natural or mixed),International,Not Applicable,(ix);(x),Terrestrial,0,7.07622911335796,720,808.907438928509,Not Applicable,0,Inscribed,1994,Not Reported,Not Applicable,Not Reported,Not Applicable,Not Reported,Not Reported,State Verified,946,COL,COL,Not Applicable,Not Applicable,Not Reported,Not Applicable
Polygon,198395,198395,PA,Pulau Aur Marine Park,Pulau Aur Marine Park,Marine Park,Marine Park,National,II,Not Applicable,Marine,1.011817054,100.046995345546,1.011817054,101.189806662792,All ,1.011817054,Designated,1994,Federal or national ministry or agency,Not Applicable,State,Not Applicable,Department of Fisheries (DOF),Not Reported,State Verified,1998,MYS,MYS,Not Applicable,Not Applicable,Not Applicable,Not Applicable
Polygon,209777,209777_3,PA,Sviyazhsky / Great Volzhsko-Kamsky (part of),Great Volzhsko-Kamsky,UNESCO-MAB Biosphere Reserve,UNESCO-MAB Biosphere Reserve,International,Not Applicable,Not Applicable,Terrestrial,0,0,208.99,78.4976822332927,Not Applicable,0,Designated,2005,Collaborative governance,Not Reported,Not Reported,Not Applicable,Not Reported,Not Reported,State Verified,840,RUS,RUS,Not Applicable,Not Applicable,Not Reported,Not Applicable
Polygon,903137,903137,PA,Saryarka – Steppe and Lakes of Northern Kazakhstan,Saryarka - Steppe et lacs du Kazakhstan septentrional,World Heritage Site (natural or mixed),World Heritage Site (natural or mixed),International,Not Applicable,(ix);(x),Terrestrial,0,0,4503.44,4488.44265558887,Not Applicable,0,Inscribed,2008,Not Reported,Not Applicable,Not Reported,Not Applicable,Not Reported,Not Reported,State Verified,946,KAZ,KAZ,Not Applicable,Not Applicable,Not Reported,Not Applicable
Polygon,61604,61604,PA,Australian Fossil Mammal Sites (Riversleigh / Naracoorte),Sites fossilifères de mammifères d'Australie (Riversleigh / Naracoorte),World Heritage Site (natural or mixed),World Heritage Site (natural or mixed),International,Not Applicable,(ix);(viii),Terrestrial,0,0,103.26,109.19846572692,Not Applicable,0,Inscribed,1994,Not Reported,Not Applicable,Not Reported,Not Applicable,Not Reported,Not Reported,State Verified,946,AUS,AUS,Not Applicable,Not Applicable,Not Reported,Not Applicable
Polygon,5084,5084,PA,Killarney National Park,Killarney National Park,UNESCO-MAB Biosphere Reserve,UNESCO-MAB Biosphere Reserve,International,Not Applicable,Not Applicable,Terrestrial,0,0,101.29,103.290250866824,Not Applicable,0,Designated,1982,Not Reported,Not Applicable,Not Reported,Not Applicable,Not Reported,Not Reported,State Verified,509,IRL,IRL,Not Applicable,Not Applicable,Not Reported,Not Applicable
Polygon,12493,12493,PA,Barra del Colorado,Barra del Colorado,Refugio Nacional de Vida Silvestre,National Wildlife Refuge,National,VI,Not Applicable,Terrestrial,0,4.52109021349108,811.534515768,811.535840805096,Not Applicable,0,Designated,1985,Federal or national ministry or agency,Not Applicable,Joint ownership,Not Reported,Federal or national ministry or agency,Not Reported,State Verified,811,CRI,CRI,Not Applicable,Not Applicable,Not Reported,Not Applicable
Polygon,555512226,555512226,PA,Khun Sathan,Khun Sathan,National Park,National Park,National,II,Not Applicable,Terrestrial,0,0,342.4567066,456.559723895134,Not Applicable,0,Proposed,0,Federal or national ministry or agency,Not Applicable,Not Reported,Not Applicable,"Department of National Park, Wildlife and Plant Conservation Office of National Park",Not Reported,State Verified,881,THA,THA,Not Applicable,Not Applicable,Not Reported,Not Applicable
Polygon,349987,349987,PA,Eth. Parko Tzoumerkon-Peristeriou-charadras Arachthou-Periochi perifereiakis zonis Notioanatolikon Tzoumerkon (Zoni IVD),Eth. Parko Tzoumerkon-Peristeriou-charadras Arachthou-Periochi perifereiakis zonis Notioanatolikon Tzoumerkon (Zoni IVD),Periferiaki zoni Ethnikou Parkou,National Park - Peripheral zone,National,VI,Not Applicable,Terrestrial,0,0,12.2109741211,12.2033901856909,Not Applicable,0,Designated,2009,Federal or national ministry or agency,Not Applicable,Not Reported,Not Applicable,"Ministry of Environment, Energy and Climate Change - Directorate General for the Environment",Not Reported,State Verified,2013,GRC,GRC,Not Applicable,Not Applicable,Not Reported,Not Applicable
Polygon,124389,124389,PA,Okapi Wildlife Reserve,Réserve de faune à okapis,Site du Patrimoine Mondial (naturel ou mixte),World Heritage Site (natural or mixed),International,Not Applicable,(x),Terrestrial,0,0,13726.25,13939.5624588004,Not Applicable,0,Inscribed,1996,Not Reported,Not Applicable,Not Reported,Not Applicable,Not Reported,Not Reported,State Verified,946,COD,COD,Not Applicable,Not Applicable,Not Reported,Not Applicable
Polygon,555622032,555622032,PA,Runnel Stone (Land's End),Runnel Stone (Land's End),Marine Protected Area (OSPAR),Marine Protected Area (OSPAR),Regional,Not Reported,Not Applicable,Marine,20,19.8254370186108,20,19.9487838034195,Not Reported,0,Designated,2016,Collaborative governance,Not Reported,Not Reported,Not Applicable,OSPAR Commission,http://mpa.ospar.org/home_ospar/mpa_datasheets,State Verified,883,GBR,GBR,Not Applicable,Not Applicable,Not Applicable,Not Applicable
Polygon,900883,900883,PA,Phong Nha-Ke Bang National Park and Hin Nam No National Park,Phong Nha-Ke Bang National Park and Hin Nam No National Park,World Heritage Site (natural or mixed),World Heritage Site (natural or mixed),International,Not Applicable,(ix);(viii);(x),Terrestrial,0,0,2174.47,2189.7962481141,Not Applicable,0,Inscribed,2003,Not Reported,Not Applicable,Not Reported,Not Applicable,Not Reported,Not Reported,State Verified,946,LAO;VNM,LAO;VNM,Not Applicable,Not Applicable,Not Reported,Not Applicable
Polygon,555679037,555679037,PA,Queen Anne's Revenge Shipwreck,Queen Anne's Revenge Shipwreck,Marine Protected Area,Marine Protected Area,National,IV,Not Applicable,Marine,0,0.23573539050702,0.2357353905,0.23573539050702,None,0,Designated,1997,Sub-national ministry or agency,Not Applicable,State,Not Applicable,State Department of Conservation,Site-Specific Management Plan,State Verified,1848,USA,USA,Not Applicable,Not Applicable,Not Applicable,Not Applicable
Polygon,555632967,555632967,PA,"Landschaftsschutzgebiet ""Muschelkalkhänge nordwestlich Wecklingen"" (L 6709-303)","Landschaftsschutzgebiet ""Muschelkalkhänge nordwestlich Wecklingen"" (L 6709-303)",Landschaftschutzgebiet,Landscape Protection Area,National,V,Not Applicable,Terrestrial,0,0,0.1318000031,0.13176810366082,Not Applicable,0,Designated,2016,Federal or national ministry or agency,Not Applicable,Not Reported,Not Applicable,Bundesamt für Naturschutz,Not Reported,State Verified,2013,DEU,DEU,Not Applicable,Not Applicable,Not Reported,Not Applicable
Polygon,14290,14290,PA,Dzibilchantún,Dzibilchantún,Parque Nacional,National Park,National,II,Not Applicable,Terrestrial,0,0,5.39439268,5.39154443714135,Not Applicable,0,Designated,1987,Federal or national ministry or agency,Not Applicable,State,Not Applicable,National Commission of Natural Protected Areas,http://www.conanp.gob.mx/que_hacemos/pdf/programas_manejo/2015/DZILBILCHANTUN.pdf,State Verified,1850,MEX,MEX,Not Applicable,Not Applicable,Not Reported,Not Applicable
Polygon,555614453,555614453,PA,Aua Village Marine Protected Area,Aua Village Marine Protected Area,Marine Protected Area,Marine Protected Area,National,V,Not Applicable,Coastal,0,0.299758955662326,0.3442438843,0.344242001017417,None,0,Designated,2003,Sub-national ministry or agency,Not Applicable,State,Not Applicable,State Fish and Wildlife,Community Agreement,State Verified,1848,USA,ASM,Not Applicable,Not Applicable,Not Reported,Not Applicable
Polygon,555577556,555577556,PA,Stevns Klint,Stevns Klint,World Heritage Site (natural or mixed),World Heritage Site (natural or mixed),International,Not Applicable,(viii),Coastal,0,0.173303935386388,0.5,0.492070152537682,Not Reported,0,Inscribed,2014,Not Reported,Not Applicable,Not Reported,Not Applicable,Not Reported,Not Reported,State Verified,946,DNK,DNK,Not Applicable,Not Applicable,Not Reported,Not Applicable
Polygon,555586786,555586786,PA,Ted Harvey Conservation Area (Wildlife Area) Conservation Area,Ted Harvey Conservation Area (Wildlife Area) Conservation Area,Marine Protected Area,Marine Protected Area,National,VI,Not Applicable,Terrestrial,0,0.043021194787593,10.4698320447,10.4698341572026,None,0,Designated,1979,Sub-national ministry or agency,Not Applicable,State,Not Applicable,State Department of Natural Resources,Site-Specific Management Plan,State Verified,1848,USA,USA,Not Applicable,Not Applicable,Not Reported,Not Applicable
Polygon,555746979,555746979,PA,Atlantic Coast Conservancy/Pelican Coast Conservancy Conservation Easement E201691A,Atlantic Coast Conservancy/Pelican Coast Conservancy Conservation Easement E201691A,Conservation Easement,Conservation Easement,National,Not Assigned,Not Applicable,Terrestrial,0,0,0.4416042677,0.441604388611474,Not Applicable,0,Designated,2016,Non-profit organisations,Not Applicable,Individual landowners,Not Applicable,Non-Governmental Organization,Not Reported,State Verified,1848,USA,USA,Not Applicable,Not Applicable,Not Reported,Not Applicable
Polygon,555704125,555704125,PA,Chornobyl Radiation and Ecological Biosphere Reserve,Чорнобильський радіаційно-екологічний біосферний заповідник,Biosphere Reserve,Biosphere Reserve,National,Ia,Not Applicable,Terrestrial,0,0,2269,2272.03122094661,Not Applicable,0,Designated,2016,Federal or national ministry or agency,Not Applicable,State,Not Applicable,Ministry of Ecology and Natural Resources of Ukraine,Not Reported,State Verified,2129,UKR,UKR,Not Applicable,Not Applicable,Not Reported,Not Applicable
Polygon,555762736,555762736,PA,Høkleberget,Høkleberget,Naturreservat,Nature Reserve,National,Ia,Not Applicable,Terrestrial,0,0,1.0757109833,1.07484985246417,Not Applicable,0,Designated,2023,Federal or national ministry or agency,Not Applicable,Not Reported,Not Applicable,"Norwegian Environment Agency, Protected Areas Section, Norway-7485 Trondheim",Not Reported,State Verified,2013,NOR,NOR,Not Applicable,Not Applicable,Not Reported,Not Applicable
Point,20019,20019,PA,Mammoth Cave Area,Mammoth Cave Area,UNESCO-MAB Biosphere Reserve,UNESCO-MAB Biosphere Reserve,International,Not Applicable,Not Applicable,Terrestrial,0,,3679.79,,Not Applicable,0,Designated,1990,Not Reported,Not Applicable,Not Reported,Not Applicable,Not Reported,Not Reported,State Verified,988,USA,USA,Not Applicable,Not Applicable,Not Reported,Not Applicable
Polygon,9623,9623,PA,Historic Sanctuary of Machu Picchu,Sanctuaire historique de Machu Picchu,World Heritage Site (natural or mixed),World Heritage Site (natural or mixed),International,Not Applicable,(i);(iii);(ix);(vii),Terrestrial,0,0,381.6087,372.642601985455,Not Applicable,0,Inscribed,1983,Not Reported,Not Applicable,Not Reported,Not Applicable,Not Reported,Not Reported,State Verified,946,PER,PER,Not Applicable,Not Applicable,Not Reported,Not Applicable
Polygon,555658286,555658286,PA,A Batson,A Batson,PCL,PCL,National,V,Not Applicable,Terrestrial,0,0,0.0113169366,0.011316956839934,Not Applicable,0,Designated,0,Non-profit organisations,Not Applicable,Non-profit organisations,Not Applicable,Non-Governmental Organization,Not Reported,State Verified,1848,USA,USA,Not Applicable,Not Applicable,Not Reported,Not Applicable
Polygon,303818,303818,PA,Nyamakate Village,Nyamakate Village,Wildlife Management Area,Wildlife Management Area,National,Not Reported,Not Applicable,Terrestrial,0,0,0.7090176,183.119984243436,Not Applicable,0,Designated,2002,Not Reported,Not Applicable,Not Reported,Not Applicable,Not Reported,Not Reported,State Verified,1829,ZWE,ZWE,Not Applicable,Not Applicable,Not Reported,Not Applicable
Polygon,178784,178784,PA,Parco nazionale delle Cinque Terre,Parco nazionale delle Cinque Terre,Parco Nazionale,National Park,National,II,Not Applicable,Terrestrial,0,0.127338098278131,38.6,38.5992069125126,Not Applicable,0,Designated,1999,Federal or national ministry or agency,Not Applicable,Not Reported,Not Applicable,Ministero dell'Ambiente e della Tutela del Territorio e del Mare,Not Reported,State Verified,2013,ITA,ITA,Not Applicable,Not Applicable,Not Reported,Not Applicable
Polygon,316960,316960,PA,En Malqoah,עין מלקוח,Nature Reserve,Nature Reserve,National,Not Assigned,Not Applicable,Terrestrial,0,0,0.0065484723,0.006548222673545,Not Applicable,0,Designated,1990,Federal or national ministry or agency,Not Applicable,Not Reported,Not Applicable,Israel Nature and Parks Authority,Not Reported,State Verified,1706,ISR,ISR,Not Applicable,Not Applicable,Not Reported,Not Applicable
Polygon,198291,198291,PA,Península Valdés,Península Valdés,Sitio Patrimonio de la Humanidad (natural o mixto),World Heritage Site (natural or mixed),International,Not Applicable,(x),Coastal,0,3456.54240138627,3600,10037.7606333435,Not Reported,0,Inscribed,1999,Not Reported,Not Applicable,Not Reported,Not Applicable,Not Reported,Not Reported,State Verified,946,ARG,ARG,Not Applicable,Not Applicable,Not Reported,Not Applicable
Point,12471,12471,PA,Forêt classée de la mare aux hippopotames,Forêt classée de la mare aux hippopotames,UNESCO-MAB Biosphere Reserve,UNESCO-MAB Biosphere Reserve,International,Not Applicable,Not Applicable,Terrestrial,0,,1860,,Not Applicable,0,Designated,1986,Not Reported,Not Applicable,Not Reported,Not Applicable,Not Reported,Not Reported,State Verified,988,BFA,BFA,Not Applicable,Not Applicable,Not Reported,Not Applicable
Polygon,67724,67724,PA,"Shark Bay, Western Australia","Baie Shark, Australie occidentale",World Heritage Site (natural or mixed),World Heritage Site (natural or mixed),International,Not Applicable,(ix);(vii);(viii);(x),Coastal,0,15217.9758753353,22009.02,22000.780551601,Not Reported,0,Inscribed,1991,Federal or national ministry or agency,Not Applicable,Not Reported,Not Applicable,Not Reported,Not Reported,State Verified,946,AUS,AUS,Not Applicable,Not Applicable,Not Reported,Not Applicable
Polygon,903135,903135,PA,Monarch Butterfly Biosphere Reserve,Reserva de la Biósfera de la Mariposa Monarca,World Heritage Site (natural or mixed),World Heritage Site (natural or mixed),International,Not Applicable,(vii),Terrestrial,0,0,135.51552,136.644053092603,Not Applicable,0,Inscribed,2008,Federal or national ministry or agency,Not Applicable,Not Reported,Not Applicable,Ministry of the Environment and Natural Resources through the National Commission of Natural Protected Areas,Not Reported,State Verified,946,MEX,MEX,Not Applicable,Not Applicable,Not Reported,Not Applicable
Polygon,168201,168201,PA,Dana Biosphere Reserve,محمية ضانا للمحيط الحيوي,محمية محيط حيوي,UNESCO-MAB Biosphere Reserve,International,Not Applicable,Not Applicable,Terrestrial,0,0,291.704816,291.396972653903,Not Applicable,0,Designated,1993,Government-delegated management,Not Applicable,State,Not Applicable,The Royal Society for the Conservation of Nature (RSCN),Yes,State Verified,1688,JOR,JOR,Not Applicable,Not Applicable,Not Reported,Not Applicable
Polygon,2578,2578,PA,Djoudj National Bird Sanctuary,Parc national des oiseaux du Djoudj,World Heritage Site (natural or mixed),World Heritage Site (natural or mixed),International,Not Applicable,(vii);(x),Terrestrial,0,0,160,209.032857103319,Not Applicable,0,Inscribed,1981,Not Reported,Not Applicable,Not Reported,Not Applicable,Not Reported,Not Reported,State Verified,946,SEN,SEN,Not Applicable,Not Applicable,Not Reported,Not Applicable
Polygon,2018,2018,PA,Kluane / Wrangell-St Elias / Glacier Bay / Tatshenshini-Alsek,Kluane / Wrangell-St Elias / Glacier Bay / Tatshenshini-Alsek,World Heritage Site (natural or mixed),World Heritage Site (natural or mixed),International,Not Applicable,(ix);(vii);(viii);(x),Terrestrial,0,2322.58884366046,98391.21,97624.2682726437,Not Applicable,0,Inscribed,1979,Not Reported,Not Applicable,Not Reported,Not Applicable,Not Reported,Not Reported,State Verified,946,CAN;USA,CAN;USA,Not Applicable,Not Applicable,Not Reported,Not Applicable
Polygon,153062,153062,PA,2002450 Vedungsfjällen,2002450 Vedungsfjällen,Naturreservat,Nature Reserve,National,Ib,Not Applicable,Terrestrial,0,0,194.0140039062,194.013991879322,Not Applicable,0,Designated,1995,Federal or national ministry or agency,Not Applicable,Not Reported,Not Applicable,County Administrative Board and Local Authorities,Not Reported,State Verified,2013,SWE,SWE,Not Applicable,Not Applicable,Not Reported,Not Applicable
Polygon,365531,365531,PA,Bald Head Woods Coastal Reserve,Bald Head Woods Coastal Reserve,Marine Protected Area,Marine Protected Area,National,IV,Not Applicable,Terrestrial,0,0,0.7731374952,0.773137287126852,None,0,Designated,1994,Sub-national ministry or agency,Not Applicable,State,Not Applicable,State Department of Conservation ; State Department of Natural Resources,Site-Specific Management Plan,State Verified,1848,USA,USA,Not Applicable,Not Applicable,Not Reported,Not Applicable
Point,182066,182066,PA,Çinari (Foljeta) e Ganjollit,Çinari (Foljeta) e Ganjollit,Monument Natyre,Nature Monument (Category III IUCN),National,III,Not Applicable,Terrestrial,0,,0,,Not Applicable,0,Designated,2002,Federal or national ministry or agency,Not Applicable,Not Reported,Not Applicable,"Ministry of Environment, Forests and Water Administration",Not Reported,State Verified,2013,ALB,ALB,Not Applicable,Not Applicable,Not Reported,Not Applicable
Point,555547556,555547556,PA,Tasik Chini,Tasik Chini,UNESCO-MAB Biosphere Reserve,UNESCO-MAB Biosphere Reserve,International,Not Applicable,Not Applicable,Terrestrial,0,,64.15,,Not Applicable,0,Designated,2009,Sub-national ministry or agency,Not Applicable,Not Reported,Not Applicable,Pahang State Forestry Department,Not Reported,State Verified,1688,MYS,MYS,Not Applicable,Not Applicable,Not Reported,Not Applicable
Polygon,555577559,555577559,PA,Trang An Landscape Complex,Complexe paysager de Trang An,World Heritage Site (natural or mixed),World Heritage Site (natural or mixed),International,Not Applicable,(v);(vii);(viii),Terrestrial,0,0,62.26,62.0721984571078,Not Applicable,0,Inscribed,2014,Not Reported,Not Applicable,Not Reported,Not Applicable,Not Reported,Not Reported,State Verified,946,VNM,VNM,Not Applicable,Not Applicable,Not Reported,Not Applicable
Polygon,145583,145583,PA,Morne Trois Pitons National Park,Parc national de Morne Trois Pitons,World Heritage Site (natural or mixed),World Heritage Site (natural or mixed),International,Not Applicable,(viii);(x),Terrestrial,0,0,68.57,66.9887552589443,Not Applicable,0,Inscribed,1997,Not Reported,Not Applicable,Not Reported,Not Applicable,Not Reported,Not Reported,State Verified,946,DMA,DMA,Not Applicable,Not Applicable,Not Reported,Not Applicable
Polygon,4328,4328,PA,Kahuzi-Biega National Park,Parc national de Kahuzi-Biega,Site du Patrimoine Mondial (naturel ou mixte),World Heritage Site (natural or mixed),International,Not Applicable,(x),Terrestrial,0,0,6000,6567.27778759401,Not Applicable,0,Inscribed,1980,Not Reported,Not Applicable,Not Reported,Not Applicable,Not Reported,Not Reported,State Verified,946,COD,COD,Not Applicable,Not Applicable,Not Reported,Not Applicable
Polygon,9628,9628,PA,Vallée de Mai Nature Reserve,Vallée de Mai Nature Reserve,World Heritage Site (natural or mixed),World Heritage Site (natural or mixed),International,Not Applicable,(ix);(vii);(viii);(x),Terrestrial,0.195,0,0.195,0.196055113686123,Not Applicable,0,Inscribed,1983,Federal or national ministry or agency,Not Applicable,State,Not Applicable,Seychelles Island Foundation,Not Reported,State Verified,946,SYC,SYC,Not Applicable,Not Applicable,Not Reported,Not Applicable
Point,2055,2055,PA,Berezinskiy Zapovednik,Berezinskiy Zapovednik,UNESCO-MAB Biosphere Reserve,UNESCO-MAB Biosphere Reserve,International,Not Applicable,Not Applicable,Terrestrial,0,,1139.29,,Not Applicable,0,Designated,1978,Not Reported,Not Applicable,Not Reported,Not Applicable,Not Reported,Not Reported,State Verified,988,BLR,BLR,Not Applicable,Not Applicable,Not Reported,Not Applicable
Polygon,12202,12202,PA,Gondwana Rainforests of Australia,Forêts humides Gondwana de l’Australie,World Heritage Site (natural or mixed),World Heritage Site (natural or mixed),International,Not Applicable,(ix);(viii);(x),Terrestrial,0,0,3700,3694.2528718068,Not Applicable,0,Inscribed,1986,Not Reported,Not Applicable,Not Reported,Not Applicable,Not Reported,Not Reported,State Verified,946,AUS,AUS,Not Applicable,Not Applicable,Not Reported,Not Applicable
Polygon,555675765,555675765,PA,Brown CR,Brown CR,Conservation Easement,Conservation Easement,National,Not Assigned,Not Applicable,Terrestrial,0,0,0.000371678,0.000371677961298,Not Applicable,0,Designated,2004,Non-profit organisations,Not Applicable,Individual landowners,Not Applicable,Non-Governmental Organization,Not Reported,State Verified,1848,USA,USA,Not Applicable,Not Applicable,Not Reported,Not Applicable
Polygon,306026,306026_5,PA,Cape Byron,Cape Byron,Marine Park,Marine Park,National,VI,Not Applicable,Marine,118.9483718872,118.631181128421,118.9483718872,118.948385053283,None,0,Designated,2002,Sub-national ministry or agency,Not Applicable,Not Reported,Not Applicable,AU-NSW_DPIRD,Not Reported,State Verified,1804,AUS,AUS,Not Applicable,Not Applicable,Not Applicable,Not Applicable
Polygon,900878,900878,PA,Purnululu National Park,Parc national de Purnululu,World Heritage Site (natural or mixed),World Heritage Site (natural or mixed),International,Not Applicable,(vii);(viii),Terrestrial,0,0,2397.23,2434.85546486301,Not Applicable,0,Inscribed,2003,Not Reported,Not Applicable,Not Reported,Not Applicable,Not Reported,Not Reported,State Verified,946,AUS,AUS,Not Applicable,Not Applicable,Not Reported,Not Applicable
Polygon,555613630,555613630,PA,"Wetlands Reserve Program (WRP), Moniteau, MO","Wetlands Reserve Program (WRP), Moniteau, MO",Reserve Program,Reserve Program,National,V,Not Applicable,Terrestrial,0,0,0.9993185727,0.999328152130107,Not Applicable,0,Designated,1993,Federal or national ministry or agency,Not Applicable,Individual landowners,Not Applicable,Natural Resources Conservation Service,Not Reported,State Verified,1848,USA,USA,Not Applicable,Not Applicable,Not Reported,Not Applicable
Polygon,555577555,555577555,PA,Okavango Delta,Delta de l'Okavango,World Heritage Site (natural or mixed),World Heritage Site (natural or mixed),International,Not Applicable,(ix);(vii);(x),Terrestrial,0,0,20235.9,20443.4935950753,Not Applicable,0,Inscribed,2014,Not Reported,Not Applicable,Not Reported,Not Applicable,Not Reported,Not Reported,State Verified,946,BWA,BWA,Not Applicable,Not Applicable,Not Reported,Not Applicable
Point,2160,2160,PA,H.J. Andrews Experimental Forest,H.J. Andrews Experimental Forest,UNESCO-MAB Biosphere Reserve,UNESCO-MAB Biosphere Reserve,International,Not Applicable,Not Applicable,Terrestrial,0,,64,,Not Applicable,0,Designated,1976,Not Reported,Not Applicable,Not Reported,Not Applicable,Not Reported,Not Reported,State Verified,988,USA,USA,Not Applicable,Not Applicable,Not Reported,Not Applicable
Polygon,555512005,555512005,PA,China Danxia,Danxia de Chine,World Heritage Site (natural or mixed),World Heritage Site (natural or mixed),International,Not Applicable,(vii);(viii),Terrestrial,0,0,821.51,835.059081769806,Not Applicable,0,Inscribed,2010,Not Reported,Not Applicable,Not Reported,Not Applicable,Not Reported,Not Reported,State Verified,946,CHN,CHN,Not Applicable,Not Applicable,Not Reported,Not Applicable
Polygon,24745,24745,PA,Lower Glenelg,Lower Glenelg,National Park,National Park,National,II,Not Applicable,Terrestrial,0,0,264.5114440918,264.51154802572,Not Applicable,0,Designated,1989,Sub-national ministry or agency,Not Applicable,Not Reported,Not Applicable,AU-VIC_DEECA,Not Reported,State Verified,1804,AUS,AUS,Not Applicable,Not Applicable,Not Reported,Not Applicable
Polygon,67733,67733,PA,Huanglong Scenic and Historic Interest Area,Région d'intérêt panoramique et historique de Huanglong,World Heritage Site (natural or mixed),World Heritage Site (natural or mixed),International,Not Applicable,(vii),Terrestrial,0,0,600,448.644785437063,Not Applicable,0,Inscribed,1992,Not Reported,Not Applicable,Not Reported,Not Applicable,Not Reported,Not Reported,State Verified,946,CHN,CHN,Not Applicable,Not Applicable,Not Reported,Not Applicable
Polygon,555548151,555548151_3,PA,Southern Kangaroo Island,Southern Kangaroo Island,Marine Park,Marine Park,National,IV,Not Applicable,Marine,592.0591430664,591.320671138139,592.0591430664,592.058984164126,Part,0,Designated,2009,Sub-national ministry or agency,Not Applicable,Not Reported,Not Applicable,AU-SA_DEW,Not Reported,State Verified,1804,AUS,AUS,Not Applicable,Not Applicable,Not Applicable,Not Applicable
Polygon,555839978,555839978,PA,The Flow Country,The Flow Country,World Heritage Site (natural or mixed),World Heritage Site (natural or mixed),International,Not Applicable,(ix),Terrestrial,0,0,1870.26,1870.98366440101,Not Applicable,0,Inscribed,2024,Not Reported,Not Applicable,Not Reported,Not Applicable,Not Reported,Not Reported,State Verified,946,GBR,GBR,Not Applicable,Not Applicable,Not Reported,Not Applicable
Point,220031,220031,PA,Golden Gate,Golden Gate,UNESCO-MAB Biosphere Reserve,UNESCO-MAB Biosphere Reserve,International,Not Applicable,Not Applicable,Terrestrial,0,,2120.22,,Not Applicable,0,Designated,1988,Not Reported,Not Applicable,Not Reported,Not Applicable,Not Reported,Not Reported,State Verified,988,USA,USA,Not Applicable,Not Applicable,Not Reported,Not Applicable
Polygon,7211,7211,PA,Minalungao National Park,Minalungao National Park,National Park,National Park,National,Not Assigned,Not Applicable,Terrestrial,0,0,20.18,20.179949304976,Not Applicable,0,Designated,1967,Federal or national ministry or agency,Not Applicable,State,Not Applicable,Protected Area Management Board,https://drive.google.com/drive/folders/1Zj-_7BgIf4qNY67JhH5fHDzxu_PvjwoC?usp=sharing,State Verified,1841,PHL,PHL,Not Applicable,Not Applicable,Not Reported,Not Applicable
Polygon,555512006,555512006,PA,"Pitons, cirques and remparts of Reunion Island","Pitons, cirques et remparts de l’ile de la Réunion",World Heritage Site (natural or mixed),World Heritage Site (natural or mixed),International,Not Applicable,(vii);(x),Terrestrial,0,0.107970623208906,1058.38,1060.0246011034,Not Applicable,0,Inscribed,2010,Not Reported,Not Applicable,Not Reported,Not Applicable,Not Reported,Not Reported,State Verified,946,FRA,REU,Not Applicable,Not Applicable,Not Reported,Not Applicable
Polygon,555697866,555697866,PA,Pimachiowin Aki,Pimachiowin Aki,World Heritage Site (natural or mixed),World Heritage Site (natural or mixed),International,Not Applicable,(iii);(ix);(vi),Terrestrial,0,0,29040,29007.8003818514,Not Applicable,0,Inscribed,2018,Not Reported,Not Applicable,Not Reported,Not Applicable,Not Reported,Not Reported,State Verified,946,CAN,CAN,Not Applicable,Not Applicable,Not Reported,Not Applicable
Polygon,555759264,555759264_2,PA,Christmas Island,Christmas Island,Australian Marine Park,Australian Marine Park,National,II,Not Applicable,Marine,273186.3125,273186.315698966,273186.3125,273186.315763938,All ,273186.3125,Designated,2022,Federal or national ministry or agency,Not Applicable,Not Reported,Not Applicable,AU-DCCEEW,Not Reported,State Verified,1804,AUS,CXR,Not Applicable,Not Applicable,Not Applicable,Not Applicable
Polygon,900880,900880,PA,Uvs Nuur Basin,Bassin d’Ubs Nuur,World Heritage Site (natural or mixed),World Heritage Site (natural or mixed),International,Not Applicable,(ix);(x),Terrestrial,0,0,8980.635,12548.0396267665,Not Applicable,0,Inscribed,2003,Not Reported,Not Applicable,Not Reported,Not Applicable,Not Reported,Not Reported,State Verified,946,MNG;RUS,MNG;RUS,Not Applicable,Not Applicable,Not Reported,Not Applicable
Polygon,555547992,555547992,PA,Rock Islands Southern Lagoon,Lagon sud des îles Chelbacheb,World Heritage Site (natural or mixed),World Heritage Site (natural or mixed),International,Not Applicable,(iii);(ix);(v);(vii);(x),Marine,0,952.722306888253,1002,1004.51347636366,Not Reported,0,Inscribed,2012,Not Reported,Not Applicable,Not Reported,Not Applicable,Not Reported,Not Reported,State Verified,946,PLW,PLW,Not Applicable,Not Applicable,Not Applicable,Not Applicable
Polygon,93291,93291,PA,Carlsbad Caverns National Park,Parc national des grottes de Carlsbad,World Heritage Site (natural or mixed),World Heritage Site (natural or mixed),International,Not Applicable,(vii);(viii),Terrestrial,0,0,189.26,192.041890200905,Not Applicable,0,Inscribed,1995,Not Reported,Not Applicable,Not Reported,Not Applicable,Not Reported,Not Reported,State Verified,946,USA,USA,Not Applicable,Not Applicable,Not Reported,Not Applicable
Polygon,555783997,555783997,PA,'Uruq Bani Ma'arid,'Uruq Bani Ma'arid,World Heritage Site (natural or mixed),World Heritage Site (natural or mixed),International,Not Applicable,(ix);(vii),Terrestrial,0,0,12765,12679.1112741875,Not Applicable,0,Inscribed,2023,Not Reported,Not Applicable,Not Reported,Not Applicable,Not Reported,Not Reported,State Verified,946,SAU,SAU,Not Applicable,Not Applicable,Not Reported,Not Applicable
Polygon,762,762,PA,Lake Nakuru,Lake Nakuru,National Park,National Park,National,II,Not Applicable,Terrestrial,0,0,188,190.35758186164,Not Applicable,0,Designated,1968,Federal or national ministry or agency,Not Applicable,State,Not Applicable,Kenya Wildlife Service,Not Reported,State Verified,933,KEN,KEN,Not Applicable,Not Applicable,Not Reported,Not Applicable
Polygon,2577,2577,PA,Mammoth Cave National Park,Parc national de Mammoth Cave,World Heritage Site (natural or mixed),World Heritage Site (natural or mixed),International,Not Applicable,(vii);(viii);(x),Terrestrial,0,0,211.91,207.79908277499,Not Applicable,0,Inscribed,1981,Not Reported,Not Applicable,Not Reported,Not Applicable,Not Reported,Not Reported,State Verified,946,USA,USA,Not Applicable,Not Applicable,Not Reported,Not Applicable
Polygon,198300,198300,PA,Laurisilva of Madeira,Forêt Laurifière de Madère,World Heritage Site (natural or mixed),World Heritage Site (natural or mixed),International,Not Applicable,(ix);(x),Terrestrial,0,0.099019110566244,150,150.439712075785,Not Applicable,0,Inscribed,1999,Not Reported,Not Applicable,Not Reported,Not Applicable,Not Reported,Not Reported,State Verified,946,PRT,PRT,Not Applicable,Not Applicable,Not Reported,Not Applicable
Polygon,26649,26649,PA,Tongariro National Park,Parc national de Tongariro,World Heritage Site (natural or mixed),World Heritage Site (natural or mixed),International,Not Applicable,(vi);(vii);(viii),Terrestrial,0,0,795.96,792.811824744662,Not Applicable,0,Inscribed,1990,Not Reported,Not Applicable,Not Reported,Not Applicable,Not Reported,Not Reported,State Verified,946,NZL,NZL,Not Applicable,Not Applicable,Not Reported,Not Applicable
Polygon,2011,2011,PA,Grand Canyon National Park,Parc national du Grand Canyon,World Heritage Site (natural or mixed),World Heritage Site (natural or mixed),International,Not Applicable,(ix);(vii);(viii);(x),Terrestrial,0,0,4932.7,4887.14100080844,Not Applicable,0,Inscribed,1979,Not Reported,Not Applicable,Not Reported,Not Applicable,Not Reported,Not Reported,State Verified,946,USA,USA,Not Applicable,Not Applicable,Not Reported,Not Applicable
Polygon,10906,10906,PA,Salonga National Park,Parc national de la Salonga,Site du Patrimoine Mondial (naturel ou mixte),World Heritage Site (natural or mixed),International,Not Applicable,(ix);(vii),Terrestrial,0,0,36000,35086.1791495569,Not Applicable,0,Inscribed,1984,Not Reported,Not Applicable,State,Not Applicable,Institut Congolais pour la Conservation de la Nature (ICCN),Not Reported,State Verified,946,COD,COD,Not Applicable,Not Applicable,Not Reported,Not Applicable
Polygon,18862,18862,PA,Meteora,Météores,World Heritage Site (natural or mixed),World Heritage Site (natural or mixed),International,Not Applicable,(i);(ii);(iv);(v);(vii),Terrestrial,0,0,2.7187,2.71786391307161,Not Applicable,0,Inscribed,1988,Not Reported,Not Applicable,Not Reported,Not Applicable,Not Reported,Not Reported,State Verified,946,GRC,GRC,Not Applicable,Not Applicable,Not Reported,Not Applicable
Polygon,555587006,555587006,PA,Sitka National Historical Park,Sitka National Historical Park,Marine Protected Area,Marine Protected Area,National,V,Not Applicable,Coastal,0,0.139542210792733,0.4706144674,0.470612938499728,None,0,Designated,1910,Federal or national ministry or agency,Not Applicable,State,Not Applicable,National Park Service,Non-MPA Programmatic Habitat Management Plan,State Verified,1848,USA,USA,Not Applicable,Not Applicable,Not Reported,Not Applicable
Polygon,900631,900631,PA,Brazilian Atlantic Islands: Fernando de Noronha and Atol das Rocas Reserves,Îles atlantiques brésiliennes : les Réserves de Fernando de Noronha et de l'atol das Rocas,World Heritage Site (natural or mixed),World Heritage Site (natural or mixed),International,Not Applicable,(ix);(vii);(x),Marine,0,130.4182522566,432.7,140.498038273578,Not Reported,0,Inscribed,2001,Not Reported,Not Applicable,Not Reported,Not Applicable,Not Reported,Not Reported,State Verified,946,BRA,BRA,Not Applicable,Not Applicable,Not Applicable,Not Applicable
Polygon,902482,902482,PA,Shiretoko,知床,World Heritage Site (natural or mixed),World Heritage Site (natural or mixed),International,Not Applicable,(ix);(x),Coastal,224,224.419474360574,711,710.397478550508,Not Reported,0,Inscribed,2005,Not Reported,Not Applicable,Individual landowners,Not Applicable,Ministry of the Environment,Not Reported,State Verified,946,JPN,JPN,Not Applicable,Not Applicable,Not Reported,Not Applicable
Polygon,17757,17757,PA,Wet Tropics of Queensland,Tropiques humides de Queensland,World Heritage Site (natural or mixed),World Heritage Site (natural or mixed),International,Not Applicable,(ix);(vii);(viii);(x),Terrestrial,0,20.9768132615522,8934.53,8931.38868447162,Not Applicable,0,Inscribed,1988,Not Reported,Not Applicable,Not Reported,Not Applicable,Not Reported,Not Reported,State Verified,946,AUS,AUS,Not Applicable,Not Applicable,Not Reported,Not Applicable
Polygon,220294,220294,PA,Greater Blue Mountains Area,Région des montagnes Bleues,World Heritage Site (natural or mixed),World Heritage Site (natural or mixed),International,Not Applicable,(ix);(x),Terrestrial,0,0,10326.49,10337.2421831855,Not Applicable,0,Inscribed,2000,Not Reported,Not Applicable,Not Reported,Not Applicable,Not Reported,Not Reported,State Verified,946,AUS,AUS,Not Applicable,Not Applicable,Not Reported,Not Applicable
Point,901249,901249,PA,Mount Elgon,Mount Elgon,UNESCO-MAB Biosphere Reserve,UNESCO-MAB Biosphere Reserve,International,Not Applicable,Not Applicable,Terrestrial,0,,2088.21,,Not Applicable,0,Designated,2003,Not Reported,Not Applicable,Not Reported,Not Applicable,Not Reported,Not Reported,State Verified,988,KEN,KEN,Not Applicable,Not Applicable,Not Reported,Not Applicable
Polygon,61608,61608,PA,Rwenzori Mountains National Park,Monts Rwenzori,World Heritage Site (natural or mixed),World Heritage Site (natural or mixed),International,Not Applicable,(vii);(x),Terrestrial,0,0,996,994.444013650746,Not Applicable,0,Inscribed,1994,Not Reported,Not Applicable,Not Reported,Not Applicable,Not Reported,Not Reported,State Verified,946,UGA,UGA,Not Applicable,Not Applicable,Not Reported,Not Applicable
Polygon,198297,198297,PA,Desembarco del Granma National Park,Parc national Desembarco del Granma,World Heritage Site (natural or mixed),World Heritage Site (natural or mixed),International,Not Applicable,(vii);(viii),Coastal,0,62.7319605590744,325.76,324.785009188466,Not Reported,0,Inscribed,1999,Not Reported,Not Applicable,Not Reported,Not Applicable,Not Reported,Not Reported,State Verified,946,CUB,CUB,Not Applicable,Not Applicable,Not Reported,Not Applicable
Polygon,903136,903136,PA,Mount Sanqingshan National Park,Parc national du mont Sanqingshan,World Heritage Site (natural or mixed),World Heritage Site (natural or mixed),International,Not Applicable,(vii),Terrestrial,0,0,229.5,232.406228921537,Not Applicable,0,Inscribed,2008,Not Reported,Not Applicable,Not Reported,Not Applicable,Not Reported,Not Reported,State Verified,946,CHN,CHN,Not Applicable,Not Applicable,Not Reported,Not Applicable
Polygon,75512,75512,PA,Sachuest Point National Wildlife Refuge,Sachuest Point National Wildlife Refuge,Marine Protected Area,Marine Protected Area,National,IV,Not Applicable,Terrestrial,0,0.002466534653328,0.9859300832,0.985928319868294,None,0,Designated,1970,Federal or national ministry or agency,Not Applicable,State,Not Applicable,U.S. Fish and Wildlife Service,Site-Specific Management Plan,State Verified,1848,USA,USA,Not Applicable,Not Applicable,Not Reported,Not Applicable
Point,3040,3040,PA,Pietrosul Mare Nature Reserve,Pietrosul Mare Nature Reserve,UNESCO-MAB Biosphere Reserve,UNESCO-MAB Biosphere Reserve,International,Not Applicable,Not Applicable,Terrestrial,0,,440,,Not Applicable,0,Designated,1979,Not Reported,Not Applicable,Not Reported,Not Applicable,Not Reported,Not Reported,State Verified,988,ROU,ROU,Not Applicable,Not Applicable,Not Reported,Not Applicable
Polygon,126446,126446,PA,Keppel Bay Islands,Keppel Bay Islands,National Park,National Park,National,II,Not Applicable,Terrestrial,0,0.110169215627955,7.2602133751,7.26021339309131,Not Applicable,0,Designated,2024,Sub-national ministry or agency,Not Applicable,Not Reported,Not Applicable,AU-QLD_DES,Not Reported,State Verified,1804,AUS,AUS,Not Applicable,Not Applicable,Not Reported,Not Applicable
Polygon,555547990,555547990,PA,Western Ghats,Ghâts occidentaux,World Heritage Site (natural or mixed),World Heritage Site (natural or mixed),International,Not Applicable,(ix);(x),Terrestrial,0,0,7953.15,8115.15086008499,Not Applicable,0,Inscribed,2012,Not Reported,Not Applicable,Not Reported,Not Applicable,Not Reported,Not Reported,State Verified,946,IND,IND,Not Applicable,Not Applicable,Not Reported,Not Applicable
Polygon,555542337,555542337,PA,Wadi Rum Protected Area,Zone protégée du Wadi Rum,World Heritage Site (natural or mixed),World Heritage Site (natural or mixed),International,Not Applicable,(iii);(v);(vii),Terrestrial,0,0,741.797,728.752280325719,Not Applicable,0,Inscribed,2011,Not Reported,Not Applicable,Not Reported,Not Applicable,Aqaba Special Economic Zone Authority (ASEZA),Not Reported,State Verified,946,JOR,JOR,Not Applicable,Not Applicable,Not Reported,Not Applicable
Polygon,177446,177446,PA,Łachy Brzeskie,Łachy Brzeskie,Rezerwat Przyrody,Nature Reserve,National,IV,Not Applicable,Terrestrial,0,0,4.7862420654,4.7902092116387,Not Applicable,0,Designated,1998,Federal or national ministry or agency,Not Applicable,Not Reported,Not Applicable,"Generalna Dyrekcja Ochrony Środowiska, ul. Wawelska 52/54, 00-922 Warszawa",Not Reported,State Verified,2013,POL,POL,Not Applicable,Not Applicable,Not Reported,Not Applicable
Polygon,2554,2554,PA,Darien National Park,Parc national du Darien,World Heritage Site (natural or mixed),World Heritage Site (natural or mixed),International,Not Applicable,(ix);(vii);(x),Terrestrial,0,4.42653479856354,5790,5466.85978315204,Not Applicable,0,Inscribed,1981,Not Reported,Not Applicable,Not Reported,Not Applicable,Not Reported,Not Reported,State Verified,946,PAN,PAN,Not Applicable,Not Applicable,Not Reported,Not Applicable
Polygon,2978,2978,PA,Trustom Pond National Wildlife Refuge,Trustom Pond National Wildlife Refuge,Marine Protected Area,Marine Protected Area,National,IV,Not Applicable,Terrestrial,0,0.000824576391298,3.2276636532,3.22767110679469,None,0,Designated,1974,Federal or national ministry or agency,Not Applicable,State,Not Applicable,U.S. Fish and Wildlife Service,Non-MPA Programmatic Species Management Plan,State Verified,1848,USA,USA,Not Applicable,Not Applicable,Not Reported,Not Applicable
Polygon,555703203,555703203,PA,Barberton Makhonjwa Mountains,Barberton Makhonjwa Mountains,World Heritage Site (natural or mixed),World Heritage Site (natural or mixed),International,Not Applicable,(viii),Terrestrial,0,0,1131.37,1131.40835157591,Not Applicable,0,Inscribed,2018,Not Reported,Not Applicable,Not Reported,Not Applicable,Not Reported,Not Reported,State Verified,946,ZAF,ZAF,Not Applicable,Not Applicable,Not Reported,Not Applicable
Polygon,900713,900713,PA,Chréa,Chréa,UNESCO-MAB Biosphere Reserve,UNESCO-MAB Biosphere Reserve,International,Not Applicable,Not Applicable,Terrestrial,0,0,369.85,412.160131468837,Not Applicable,0,Designated,2002,Not Reported,Not Applicable,State,Not Applicable,Ministère de l'Agriculture et du développement Rural,Not Reported,State Verified,1970,DZA,DZA,Not Applicable,Not Applicable,Not Reported,Not Applicable
Polygon,555581369,555581369,PA,Hawkshead,Hawkshead,Nature Reserve,Nature Reserve,National,V,Not Applicable,Terrestrial,0,0,4.2237,4.22640296807554,Not Applicable,0,Designated,1929,Non-profit organisations,Not Applicable,Not Reported,Not Applicable,National Trust,Not Reported,Expert Verified,1846,GBR,GBR,Not Applicable,Not Applicable,Not Reported,Not Applicable
Polygon,478151,478151,PA,Mui Ca Mau,Mui Cà Mau,UNESCO-MAB Biosphere Reserve,UNESCO-MAB Biosphere Reserve,International,Not Applicable,Not Applicable,Coastal,0,3204.32236961745,3108.68,4857.37007498223,Not Reported,0,Designated,2000,Not Reported,Not Applicable,Not Reported,Not Applicable,Not Reported,Not Reported,Not Reported,831,VNM,VNM,Not Applicable,Not Applicable,Not Reported,Not Applicable
Polygon,93292,93292,PA,Caves of Aggtelek Karst and Slovak Karst,Grottes du karst d'Aggtelek et du karst de Slovaquie,World Heritage Site (natural or mixed),World Heritage Site (natural or mixed),International,Not Applicable,(viii),Terrestrial,0,0,566.5057,595.737850254604,Not Applicable,0,Inscribed,1995,Not Reported,Not Applicable,Not Reported,Not Applicable,Not Reported,Not Reported,State Verified,946,HUN;SVK,HUN;SVK,Not Applicable,Not Applicable,Not Reported,Not Applicable
Polygon,12203,12203,PA,Iguaçu National Park,Parc national d'Iguaçu,World Heritage Site (natural or mixed),World Heritage Site (natural or mixed),International,Not Applicable,(vii);(x),Terrestrial,0,0,1696.9588,1696.94688607332,Not Applicable,0,Inscribed,1986,Not Reported,Not Applicable,Not Reported,Not Applicable,Not Reported,Not Reported,State Verified,946,BRA,BRA,Not Applicable,Not Applicable,Not Reported,Not Applicable
Polygon,555624151,555624151,PA,Reserva de Biosfera Bioma Pampa,Reserva de Biosfera Bioma Pampa,Reserva de la Biósfera,UNESCO-MAB Biosphere Reserve,International,Not Applicable,Not Applicable,Terrestrial,0,0,1108.82,1109.37598713312,Not Applicable,0,Designated,2014,Not Reported,Not Applicable,Not Reported,Not Applicable,Not Reported,Not Reported,State Verified,1709,URY,URY,Not Applicable,Not Applicable,Not Reported,Not Applicable
Polygon,555784010,555784010,PA,Paraty and Ilha Grande - Culture and Biodiversity,Paraty and Ilha Grande - Culture and Biodiversity,World Heritage Site (natural or mixed),World Heritage Site (natural or mixed),International,Not Applicable,(v);(x),Terrestrial,0,51.7551471296926,1731.6418,1507.15747077871,Not Applicable,0,Inscribed,2019,Not Reported,Not Applicable,Not Reported,Not Applicable,Not Reported,Not Reported,State Verified,946,BRA,BRA,Not Applicable,Not Applicable,Not Reported,Not Applicable
Point,2111,2111,PA,Hauy Tak Teak Reserve,Hauy Tak Teak Reserve,UNESCO-MAB Biosphere Reserve,UNESCO-MAB Biosphere Reserve,International,Not Applicable,Not Applicable,Terrestrial,0,,47,,Not Applicable,0,Designated,1977,Not Reported,Not Applicable,Not Reported,Not Applicable,Not Reported,Not Reported,State Verified,988,THA,THA,Not Applicable,Not Applicable,Not Reported,Not Applicable
Polygon,555637394,555637394,PA,Port Erin Bay,Port Erin Bay,Marine Protected Area (OSPAR),Marine Protected Area (OSPAR),Regional,IV,Not Applicable,Marine,4,4.27517550959283,4,4.34292884514352,Not Reported,0,Designated,2018,Collaborative governance,Not Reported,Not Reported,Not Applicable,OSPAR Commission,http://mpa.ospar.org/home_ospar/mpa_datasheets,State Verified,883,GBR,GBR,Not Applicable,Not Applicable,Not Applicable,Not Applicable
Polygon,555790224,555790224,PA,Kuda Kan'du,Kuda Kan'du,UNESCO-MAB Biosphere Reserve,UNESCO-MAB Biosphere Reserve,International,Not Applicable,Not Applicable,Marine,4.62,4.61937989539726,4.62,4.61937989539726,Part,2.99,Designated,2020,Federal or national ministry or agency,Not Applicable,State,Not Applicable,Addu City Council,Not Reported,State Verified,1857,MDV,MDV,Not Applicable,Not Applicable,Not Applicable,Not Applicable
Polygon,124388,124388,PA,Laponian Area,Région de Laponie,World Heritage Site (natural or mixed),World Heritage Site (natural or mixed),International,Not Applicable,(iii);(ix);(v);(vii);(viii),Terrestrial,0,0,9409,9331.23450085966,Not Applicable,0,Inscribed,1996,Not Reported,Not Applicable,Not Reported,Not Applicable,Not Reported,Not Reported,State Verified,946,SWE,SWE,Not Applicable,Not Applicable,Not Reported,Not Applicable
Polygon,2574,2574,PA,Mount Nimba Strict Nature Reserve,Réserve naturelle intégrale du mont Nimba,World Heritage Site (natural or mixed),World Heritage Site (natural or mixed),International,Not Applicable,(ix);(x),Terrestrial,0,0,221.3,192.557578602749,Not Applicable,0,Inscribed,1981,Not Reported,Not Applicable,Not Reported,Not Applicable,Not Reported,Not Reported,State Verified,946,CIV;GIN,CIV;GIN,Not Applicable,Not Applicable,Not Reported,Not Applicable
Polygon,127191,127191,PA,Lawley River,Lawley River,National Park,National Park,National,II,Not Applicable,Terrestrial,0,12.6724460923112,173.1906890869,173.190693448776,Not Applicable,0,Designated,2000,Sub-national ministry or agency,Not Applicable,Not Reported,Not Applicable,AU-WA_DBCA,Not Reported,State Verified,1804,AUS,AUS,Not Applicable,Not Applicable,Not Reported,Not Applicable
Polygon,555512001,555512001,PA,Papahānaumokuākea,Papahānaumokuākea,World Heritage Site (natural or mixed),World Heritage Site (natural or mixed),International,Not Applicable,(iii);(ix);(vi);(viii);(x),Marine,0,362155.11760306,362074.99,362169.390242327,Not Reported,0,Inscribed,2010,Not Reported,Not Applicable,Not Reported,Not Applicable,Not Reported,Not Reported,State Verified,946,USA,USA,Not Applicable,Not Applicable,Not Applicable,Not Applicable
Polygon,555571027,555571027,PA,Namaqua National Park Marine Protected Area,Namaqua National Park Marine Protected Area,Marine Protected Area,Marine Protected Area,National,Not Reported,Not Applicable,Marine,549.396927591,542.823310641864,549.396927591,549.404290154911,Not Reported,0,Designated,2019,Federal or national ministry or agency,Not Applicable,State,Not Applicable,South African National Parks,Not Reported,State Verified,1840,ZAF,ZAF,Not Applicable,Not Applicable,Not Applicable,Not Applicable
Point,2082,2082,PA,Forêt Domaniale du Circeo,Forêt Domaniale du Circeo,UNESCO-MAB Biosphere Reserve,UNESCO-MAB Biosphere Reserve,International,Not Applicable,Not Applicable,Terrestrial,0,,85,,Not Applicable,0,Designated,1977,Not Reported,Not Applicable,Not Reported,Not Applicable,Not Reported,Not Reported,State Verified,988,ITA,ITA,Not Applicable,Not Applicable,Not Reported,Not Applicable
Polygon,20015,20015,PA,Šumava,Šumava,UNESCO-MAB Biosphere Reserve,UNESCO-MAB Biosphere Reserve,International,Not Applicable,Not Applicable,Terrestrial,0,0,1671.17,1676.2626271884,Not Applicable,0,Designated,1990,Not Reported,Not Applicable,Not Reported,Not Applicable,Not Reported,Not Reported,State Verified,1864,CZE,CZE,Not Applicable,Not Applicable,Not Reported,Not Applicable
Polygon,145585,145585,PA,Mount Kenya National Park/Natural Forest,Parc national/Forêt naturelle du mont Kenya,World Heritage Site (natural or mixed),World Heritage Site (natural or mixed),International,Not Applicable,(ix);(vii),Terrestrial,0,0,2023.34,1975.92578864941,Not Applicable,0,Inscribed,1997,Not Reported,Not Applicable,Not Reported,Not Applicable,Not Reported,Not Reported,State Verified,946,KEN,KEN,Not Applicable,Not Applicable,Not Reported,Not Applicable
Polygon,10270,10270,PA,Chitral Gol,Chitral Gol,National Park (NP),National Park (NP),National,Not Reported,Not Applicable,Terrestrial,0,0,77.5,149.451114506638,Not Applicable,0,Designated,1984,Not Reported,Not Applicable,State,Not Applicable,Sub-national (Provincial Wildlife Department),Not Reported,State Verified,2105,PAK,PAK,Not Applicable,Not Applicable,Not Reported,Not Applicable
Polygon,555548176,555548176_1,PA,Upper Spencer Gulf,Upper Spencer Gulf,Marine Park,Marine Park,National,II,Not Applicable,Coastal,207.2171783447,133.736834894464,207.2171783447,207.218649514649,All ,207.2171796453,Designated,2009,Sub-national ministry or agency,Not Applicable,Not Reported,Not Applicable,AU-SA_DEW,Not Reported,State Verified,1804,AUS,AUS,Not Applicable,Not Applicable,Not Reported,Not Applicable
Polygon,10721,10721,PA,Sierra del Rosario,Sierra del Rosario,UNESCO-MAB Biosphere Reserve,UNESCO-MAB Biosphere Reserve,International,Not Applicable,Not Applicable,Terrestrial,0,0,250,236.386888419028,Not Applicable,0,Designated,1984,Not Reported,Not Applicable,Not Reported,Not Applicable,Not Reported,Not Reported,State Verified,532,CUB,CUB,Not Applicable,Not Applicable,Not Reported,Not Applicable
Polygon,313937,313937,PA,Naracoorte Caves,Naracoorte Caves,National Park,National Park,National,II,Not Applicable,Terrestrial,0,0,6.5814471245,6.58145321469861,Not Applicable,0,Designated,2011,Sub-national ministry or agency,Not Applicable,Not Reported,Not Applicable,AU-SA_DEW,Not Reported,State Verified,1804,AUS,AUS,Not Applicable,Not Applicable,Not Reported,Not Applicable
Polygon,3051,3051,PA,Queen Elizabeth National Park,Queen Elizabeth National Park,UNESCO-MAB Biosphere Reserve,UNESCO-MAB Biosphere Reserve,International,Not Applicable,Not Applicable,Terrestrial,0,0,7395,2518.55455566076,Not Applicable,0,Designated,1979,Not Reported,Not Applicable,Not Reported,Not Applicable,Not Reported,Not Reported,State Verified,988,UGA,UGA,Not Applicable,Not Applicable,Not Reported,Not Applicable
Polygon,2575,2575,PA,Serengeti National Park,Parc national de Serengeti,World Heritage Site (natural or mixed),World Heritage Site (natural or mixed),International,Not Applicable,(vii);(x),Terrestrial,0,0,14763,13035.9638936365,Not Applicable,0,Inscribed,1981,Not Reported,Not Applicable,Not Reported,Not Applicable,Not Reported,Not Reported,State Verified,946,TZA,TZA,Not Applicable,Not Applicable,Not Reported,Not Applicable
Polygon,555724240,555724240,PA,SK 1046-2002,SK 1046-2002,Naturvårdsavtal tecknade av Skogsstyrelsen,"Nature conservation agreement, Swedish Forest Agency",National,IV,Not Applicable,Terrestrial,0,0,0.0757999992,0.0758421173350606,Not Applicable,0,Designated,2002,Federal or national ministry or agency,Not Applicable,Not Reported,Not Applicable,Not Reported,Not Reported,State Verified,2013,SWE,SWE,Not Applicable,Not Applicable,Not Reported,Not Applicable
Polygon,178344,178344,PA,Érsekhalmi Hét-völgy Természetvédelmi Terület,Érsekhalmi Hét-völgy Természetvédelmi Terület,Természetvédelmi Terület,Nature Conservation Area,National,IV,Not Applicable,Terrestrial,0,0,0.2701774979,0.270177533562269,Not Applicable,0,Designated,1998,Federal or national ministry or agency,Not Applicable,Not Reported,Not Applicable,"Ministry for Environment, National Authority for Nature Conservation H-1121 Budapest Költõ u. 21.",Not Reported,State Verified,2013,HUN,HUN,Not Applicable,Not Applicable,Not Reported,Not Applicable
Polygon,396869,396869,PA,Varpusenlinna,Varpusenlinna,Yksityinen luonnonsuojelualue,Private Nature Reserve,National,IV,Not Applicable,Terrestrial,0,0,0.0281078005,0.0281269808282852,Not Applicable,0,Designated,2008,Federal or national ministry or agency,Not Applicable,Not Reported,Not Applicable,Regional Environment Centres,Not Reported,State Verified,2013,FIN,FIN,Not Applicable,Not Applicable,Not Reported,Not Applicable
Polygon,13652,13652,PA,Aggteleki Nemzeti Park,Aggteleki Nemzeti Park,Nemzeti Park,National Park,National,II,Not Applicable,Terrestrial,0,0,201.83671875,201.749296046843,Not Applicable,0,Designated,1985,Federal or national ministry or agency,Not Applicable,Not Reported,Not Applicable,"Ministry for Environment, National Authority for Nature Conservation H-1121 Budapest Költõ u. 21.",Not Reported,State Verified,2013,HUN,HUN,Not Applicable,Not Applicable,Not Reported,Not Applicable
Polygon,555791871,555791871,PA,Bania,Баня,Заповідне урочище,Zapovidne urochyshche,National,Not Reported,Not Applicable,Terrestrial,0,0,0.017,0.0188429398469329,Not Applicable,0,Designated,2000,Sub-national ministry or agency,Not Applicable,Not Reported,Not Applicable,Not Reported,Not Reported,State Verified,2129,UKR,UKR,Not Applicable,Not Applicable,Not Reported,Not Applicable
Polygon,220296,220296,PA,Central Amazon Conservation Complex,Complexe de conservation de l’Amazonie centrale,World Heritage Site (natural or mixed),World Heritage Site (natural or mixed),International,Not Applicable,(ix);(x),Terrestrial,0,0,52320.18,50970.8533656377,Not Applicable,0,Inscribed,2000,Not Reported,Not Applicable,Not Reported,Not Applicable,Not Reported,Not Reported,State Verified,946,BRA,BRA,Not Applicable,Not Applicable,Not Reported,Not Applicable
Polygon,555624865,555624865,PA,Loch Carron,Loch Carron,Marine Protected Area (OSPAR),Marine Protected Area (OSPAR),Regional,Not Assigned,Not Applicable,Marine,16,15.0869841473313,16,16.1878636365188,Not Reported,0,Designated,2017,Collaborative governance,Not Reported,Not Reported,Not Applicable,OSPAR Commission,http://mpa.ospar.org/home_ospar/mpa_datasheets,State Verified,883,GBR,GBR,Not Applicable,Not Applicable,Not Applicable,Not Applicable
Polygon,17759,17759,PA,Gros Morne National Park,Parc national du Gros-Morne,World Heritage Site (natural or mixed),World Heritage Site (natural or mixed),International,Not Applicable,(vii);(viii),Terrestrial,0,20.3008825988935,1805,1809.17037378343,Not Applicable,0,Inscribed,1987,Not Reported,Not Applicable,Not Reported,Not Applicable,Not Reported,Not Reported,State Verified,946,CAN,CAN,Not Applicable,Not Applicable,Not Reported,Not Applicable
Polygon,902367,902367,PA,Pitons Management Area,Zone de gestion des Pitons,World Heritage Site (natural or mixed),World Heritage Site (natural or mixed),International,Not Applicable,(vii);(viii),Coastal,0,4.40895153034005,29.09,19.2941197576903,Not Reported,0,Inscribed,2004,Not Reported,Not Applicable,Not Reported,Not Applicable,Not Reported,Not Reported,State Verified,946,LCA,LCA,Not Applicable,Not Applicable,Not Reported,Not Applicable
Polygon,312946,312946,PA,Phu Toei,Phu Toei,National Park,National Park,National,II,Not Applicable,Terrestrial,0,0,318.9880912,318.623705438007,Not Applicable,0,Designated,1998,Federal or national ministry or agency,Not Applicable,Not Reported,Not Applicable,"Department of National Park, Wildlife and Plant Conservation Office of National Park",Not Reported,State Verified,881,THA,THA,Not Applicable,Not Applicable,Not Reported,Not Applicable
Polygon,1102,1102,PA,Nyika,Nyika,National Park,National Park,National,II,Not Applicable,Terrestrial,0,0,84,82.9704524982415,Not Applicable,0,Designated,1971,Federal or national ministry or agency,Not Applicable,State,Not Applicable,Department of National Parks and Wildlife,Not Reported,State Verified,943,ZMB,ZMB,Not Applicable,Not Applicable,Not Reported,Not Applicable
Polygon,2017,2017,PA,Virunga National Park,Parc national des Virunga,Site du Patrimoine Mondial (naturel ou mixte),World Heritage Site (natural or mixed),International,Not Applicable,(vii);(viii);(x),Terrestrial,0,0,8000,7770.27570153318,Not Applicable,0,Inscribed,1979,Not Reported,Not Applicable,Not Reported,Not Applicable,Not Reported,Not Reported,State Verified,946,COD,COD,Not Applicable,Not Applicable,Not Reported,Not Applicable
Polygon,555637376,555637376,PA,Falmouth Bay to St Austell Bay,Falmouth Bay to St Austell Bay,Marine Protected Area (OSPAR),Marine Protected Area (OSPAR),Regional,Not Reported,Not Applicable,Marine,258,256.160041932947,258,259.002541745713,Not Reported,0,Designated,2018,Collaborative governance,Not Reported,Not Reported,Not Applicable,OSPAR Commission,http://mpa.ospar.org/home_ospar/mpa_datasheets,State Verified,883,GBR,GBR,Not Applicable,Not Applicable,Not Applicable,Not Applicable
Polygon,198303,198303,PA,"Ibiza, Biodiversity and Culture","Ibiza, biodiversité et culture",World Heritage Site (natural or mixed),World Heritage Site (natural or mixed),International,Not Applicable,(ii);(iii);(iv);(ix);(x),Marine,0,85.8026304191968,90.203,88.7794185420528,Not Reported,0,Inscribed,1999,Not Reported,Not Applicable,Not Reported,Not Applicable,Not Reported,Not Reported,State Verified,946,ESP,ESP,Not Applicable,Not Applicable,Not Applicable,Not Applicable
Polygon,902899,902899,PA,Malpelo Fauna and Flora Sanctuary,Sanctuaire de faune et de flore de Malpelo,World Heritage Site (natural or mixed),World Heritage Site (natural or mixed),International,Not Applicable,(ix);(vii),Marine,0,9577.79369792104,8575,9578.38253083172,Not Reported,0,Inscribed,2006,Not Reported,Not Applicable,Not Reported,Not Applicable,Not Reported,Not Reported,State Verified,946,COL,COL,Not Applicable,Not Applicable,Not Applicable,Not Applicable
Polygon,2572,2572,PA,Kakadu National Park,Parc national de Kakadu,World Heritage Site (natural or mixed),World Heritage Site (natural or mixed),International,Not Applicable,(i);(ix);(vi);(vii);(x),Terrestrial,0,216.333141787323,19809.9492,19138.5194099113,Not Applicable,0,Inscribed,1981,Not Reported,Not Applicable,Not Reported,Not Applicable,Not Reported,Not Reported,State Verified,946,AUS,AUS,Not Applicable,Not Applicable,Not Reported,Not Applicable
Polygon,555788092,555788092,PA,Pădurea Buciumeni - Homocea,Pădurea Buciumeni - Homocea,Special Areas of Conservation (Habitats Directive),Special Areas of Conservation (Habitats Directive),Regional,Not Reported,Not Applicable,Terrestrial,0,0,0,49.8781562211061,Not Applicable,0,Designated,2022,Federal or national ministry or agency,Not Applicable,Not Reported,Not Applicable,See European Environment Agency Geospatial Data Catalogue for more information - https://sdi.eea.europa.eu/catalogue/srv/api/records/be2142b0-7dc4-42e3-afac-f7cc5f1a9ac6,See European Environment Agency Geospatial Data Catalogue for more information - https://sdi.eea.europa.eu/catalogue/srv/api/records/be2142b0-7dc4-42e3-afac-f7cc5f1a9ac6,State Verified,1832,ROU,ROU,Not Applicable,Not Applicable,Not Reported,Not Applicable
Point,134939,134939,PA,Oberlausitzer Heide-und Teichlandschaft,Oberlausitzer Heide-und Teichlandschaft,UNESCO-MAB Biosphere Reserve,UNESCO-MAB Biosphere Reserve,International,Not Applicable,Not Applicable,Terrestrial,0,,301.02,,Not Applicable,0,Designated,1996,Not Reported,Not Applicable,Not Reported,Not Applicable,Not Reported,Not Reported,State Verified,988,DEU,DEU,Not Applicable,Not Applicable,Not Reported,Not Applicable
Polygon,67732,67732,PA,Jiuzhaigou Valley Scenic and Historic Interest Area,Région d'intérêt panoramique et historique de la vallée de Jiuzhaigou,World Heritage Site (natural or mixed),World Heritage Site (natural or mixed),International,Not Applicable,(vii),Terrestrial,0,0,720,724.697493724194,Not Applicable,0,Inscribed,1992,Not Reported,Not Applicable,Not Reported,Not Applicable,Not Reported,Not Reported,State Verified,946,CHN,CHN,Not Applicable,Not Applicable,Not Reported,Not Applicable
Polygon,61638,61638,PA,Oliver Inlet,Oliver Inlet,State Marine Park,State Marine Park,National,V,Not Applicable,Coastal,0,0.526868468679322,2.2662036049,2.26619948760305,Not Reported,0,Designated,1983,Sub-national ministry or agency,Not Applicable,State,Not Applicable,State Department of Natural Resources,Not Reported,State Verified,1848,USA,USA,Not Applicable,Not Applicable,Not Reported,Not Applicable
Polygon,61611,61611,PA,Doñana National Park,Parc national de Doñana,World Heritage Site (natural or mixed),World Heritage Site (natural or mixed),International,Not Applicable,(ix);(vii);(x),Terrestrial,0,1.45308078297337,542.517,535.940759273865,Not Applicable,0,Inscribed,1994,Not Reported,Not Applicable,Not Reported,Not Applicable,Not Reported,Not Reported,State Verified,946,ESP,ESP,Not Applicable,Not Applicable,Not Reported,Not Applicable
Polygon,25920,25920,PA,Dimalurru,Dimalurru,National Park,National Park,National,II,Not Applicable,Terrestrial,0,0,0.9104462266,0.910446138893932,Not Applicable,0,Designated,2021,Sub-national ministry or agency,Not Applicable,Not Reported,Not Applicable,AU-WA_DBCA,Not Reported,State Verified,1804,AUS,AUS,Not Applicable,Not Applicable,Not Reported,Not Applicable
Polygon,555587010,555587010,PA,Reading Rock State Marine Conservation Area,Reading Rock State Marine Conservation Area,Marine Protected Area,Marine Protected Area,National,V,Not Applicable,Marine,0,30.6044139331906,30.9725490523,30.9725468407736,None,0,Designated,2012,Sub-national ministry or agency,Not Applicable,State,Not Applicable,State Fish and Wildlife,MPA Programmatic Management Plan,State Verified,1848,USA,USA,Not Applicable,Not Applicable,Not Applicable,Not Applicable
Polygon,151104,151104,PA,Ulkonokanhietikon luonnonsuojelualue,Ulkonokanhietikon luonnonsuojelualue,Yksityinen luonnonsuojelualue,Private Nature Reserve,National,IV,Not Applicable,Terrestrial,0,0,1.5699862671,1.57075738118154,Not Applicable,0,Designated,1982,Federal or national ministry or agency,Not Applicable,Not Reported,Not Applicable,Regional Environment Centres,Not Reported,State Verified,2013,FIN,FIN,Not Applicable,Not Applicable,Not Reported,Not Applicable
Polygon,555655604,555655604,PA,Edmonds Underwater Park,Edmonds Underwater Park,Marine Protected Area,Marine Protected Area,National,Ia,Not Applicable,Marine,0,0.177900002366288,0.1896507928,0.189644378194476,All ,0,Designated,1970,Sub-national ministry or agency,Not Applicable,State,Not Applicable,State Fish and Wildlife ; City Land,No Management Plan,State Verified,1848,USA,USA,Not Applicable,Not Applicable,Not Applicable,Not Applicable
Point,154641,154641,PA,2004816 Vrestall Ärla,2004816 Vrestall Ärla,Naturminne,Natural Monument,National,Not Assigned,Not Applicable,Terrestrial,0,,0,,Not Applicable,0,Designated,1966,Federal or national ministry or agency,Not Applicable,Not Reported,Not Applicable,County Administrative Board and Local Authorities,Not Reported,State Verified,2013,SWE,SWE,Not Applicable,Not Applicable,Not Reported,Not Applicable
Polygon,67729,67729,PA,Thungyai-Huai Kha Khaeng Wildlife Sanctuaries,Sanctuaires de faune de Thung Yai-Huai Kha Khaeng,World Heritage Site (natural or mixed),World Heritage Site (natural or mixed),International,Not Applicable,(ix);(vii);(x),Terrestrial,0,0,6222,6304.91176382281,Not Applicable,0,Inscribed,1991,Not Reported,Not Applicable,Not Reported,Not Applicable,Not Reported,Not Reported,State Verified,946,THA,THA,Not Applicable,Not Applicable,Not Reported,Not Applicable
Polygon,903134,903134,PA,Lagoons of New Caledonia: Reef Diversity and Associated Ecosystems,Lagons de Nouvelle-Calédonie : diversité récifale et écosystèmes associés,World Heritage Site (natural or mixed),World Heritage Site (natural or mixed),International,Not Applicable,(ix);(vii);(x),Marine,0,17026.1552193341,15743,17349.5069235303,Not Reported,0,Inscribed,2008,Not Reported,Not Applicable,Not Reported,Not Applicable,Not Reported,Not Reported,State Verified,946,FRA,NCL,Not Applicable,Not Applicable,Not Applicable,Not Applicable
Polygon,301948,301948,PA,Barranca de Metztitlán,Barranca de Metztitlán,Reserva de la Biósfera,Biosphere Reserve,National,Ia,Not Applicable,Terrestrial,0,0,960.42947018,961.176155454911,Not Applicable,0,Designated,2000,Federal or national ministry or agency,Not Applicable,State,Not Applicable,National Commission of Natural Protected Areas,http://www.conanp.gob.mx/que_hacemos/pdf/programas_manejo/metztitlan.pdf,State Verified,1850,MEX,MEX,Not Applicable,Not Applicable,Not Reported,Not Applicable
Polygon,2580,2580,PA,Niokolo-Koba National Park,Parc national du Niokolo-Koba,World Heritage Site (natural or mixed),World Heritage Site (natural or mixed),International,Not Applicable,(x),Terrestrial,0,0,9130,8233.55586670273,Not Applicable,0,Inscribed,1981,Not Reported,Not Applicable,Not Reported,Not Applicable,Not Reported,Not Reported,State Verified,946,SEN,SEN,Not Applicable,Not Applicable,Not Reported,Not Applicable
Polygon,900543,900543,PA,Visimskiy,Visimskiy,UNESCO-MAB Biosphere Reserve,UNESCO-MAB Biosphere Reserve,International,Not Applicable,Not Applicable,Terrestrial,0,0,1796.06,110.585367256648,Not Applicable,0,Designated,2001,Collaborative governance,Not Reported,Not Reported,Not Applicable,Not Reported,Not Reported,State Verified,840,RUS,RUS,Not Applicable,Not Applicable,Not Reported,Not Applicable
Polygon,900630,900630,PA,Cerrado Protected Areas: Chapada dos Veadeiros and Emas National Parks,Cerrado Protected Areas: Chapada dos Veadeiros and Emas National Parks,World Heritage Site (natural or mixed),World Heritage Site (natural or mixed),International,Not Applicable,(ix);(x),Terrestrial,0,0,3814.3,3835.02756122009,Not Applicable,0,Inscribed,2001,Not Reported,Not Applicable,Not Reported,Not Applicable,Not Reported,Not Reported,State Verified,946,BRA,BRA,Not Applicable,Not Applicable,Not Reported,Not Applicable
Polygon,612,612,PA,Kluane National Park Reserve Of Canada,Kluane National Park Reserve Of Canada,National Park,National Park,National,II,Not Applicable,Terrestrial,0,0,22061,22061.112482961,Not Applicable,0,Designated,1972,Federal or national ministry or agency,Not Applicable,State,Not Applicable,Parks Canada Agency,http://www.pc.gc.ca/,State Verified,1868,CAN,CAN,Not Applicable,Not Applicable,Not Reported,Not Applicable
Polygon,145590,145590,PA,Pyrénées - Mont Perdu,Pyrénées - Mont Perdu,World Heritage Site (natural or mixed),World Heritage Site (natural or mixed),International,Not Applicable,(iii);(iv);(v);(vii);(viii),Terrestrial,0,0,306.39,250.403268606957,Not Applicable,0,Inscribed,1997,Not Reported,Not Applicable,Not Reported,Not Applicable,Not Reported,Not Reported,State Verified,946,ESP;FRA,ESP;FRA,Not Applicable,Not Applicable,Not Reported,Not Applicable
Polygon,345326,345326,PA,Hinjärv 2,Hinjärv 2,Yksityinen luonnonsuojelualue,Private Nature Reserve,National,IV,Not Applicable,Terrestrial,0,0,2.1430018616,2.14032527649784,Not Applicable,0,Designated,2006,Federal or national ministry or agency,Not Applicable,Not Reported,Not Applicable,Regional Environment Centres,Not Reported,State Verified,2013,FIN,FIN,Not Applicable,Not Applicable,Not Reported,Not Applicable
Polygon,2571,2571,PA,Great Barrier Reef,La Grande Barrière,World Heritage Site (natural or mixed),World Heritage Site (natural or mixed),International,Not Applicable,(ix);(vii);(viii);(x),Marine,0,346770.129748843,348700,349115.187659208,Not Reported,0,Inscribed,1981,Not Reported,Not Applicable,Not Reported,Not Applicable,Not Reported,Not Reported,State Verified,946,AUS,AUS,Not Applicable,Not Applicable,Not Applicable,Not Applicable
Polygon,164457,164457,PA,Lietzener Mühlental,Lietzener Mühlental,Naturschutzgebiet,Nature Reserve,National,IV,Not Applicable,Terrestrial,0,0,1.3225999451,1.32360086049903,Not Applicable,0,Designated,2014,Federal or national ministry or agency,Not Applicable,Not Reported,Not Applicable,Bundesamt für Naturschutz,Not Reported,State Verified,2013,DEU,DEU,Not Applicable,Not Applicable,Not Reported,Not Applicable
Polygon,478638,478638,PA,Wadden Sea,La mer des Wadden,World Heritage Site (natural or mixed),World Heritage Site (natural or mixed),International,Not Applicable,(ix);(viii);(x),Marine,0,10671.2084277695,11434.03,11574.1148635298,Not Reported,0,Inscribed,2009,Not Reported,Not Applicable,Not Reported,Not Applicable,Not Reported,Not Reported,State Verified,946,DEU;DNK;NLD,DEU;DNK;NLD,Not Applicable,Not Applicable,Not Applicable,Not Applicable
Polygon,621,621,PA,Kootenay National Park Of Canada,Kootenay National Park Of Canada,National Park,National Park,National,II,Not Applicable,Terrestrial,0,0,1406.4,1379.31394071619,Not Applicable,0,Designated,1920,Federal or national ministry or agency,Not Applicable,State,Not Applicable,Parks Canada Agency,http://www.pc.gc.ca/,State Verified,1868,CAN,CAN,Not Applicable,Not Applicable,Not Reported,Not Applicable
Polygon,555624857,555624857,PA,Landscapes of Dauria,Paysages de la Dauria,World Heritage Site (natural or mixed),World Heritage Site (natural or mixed),International,Not Applicable,(ix);(x),Terrestrial,0,0,9126.24,9036.932942064,Not Applicable,0,Inscribed,2017,Not Reported,Not Applicable,Not Reported,Not Applicable,Not Reported,Not Reported,State Verified,946,MNG;RUS,MNG;RUS,Not Applicable,Not Applicable,Not Reported,Not Applicable
Polygon,903133,903133,PA,Joggins Fossil Cliffs,Falaises fossilifères de Joggins,World Heritage Site (natural or mixed),World Heritage Site (natural or mixed),International,Not Applicable,(viii),Marine,0,5.76875454802668,6.89,5.80926299341702,Not Reported,0,Inscribed,2008,Not Reported,Not Applicable,Not Reported,Not Applicable,Not Reported,Not Reported,State Verified,946,CAN,CAN,Not Applicable,Not Applicable,Not Applicable,Not Applicable
Polygon,67726,67726,PA,Ujung Kulon National Park,Parc national de Ujung Kulon,World Heritage Site (natural or mixed),World Heritage Site (natural or mixed),International,Not Applicable,(vii);(x),Coastal,443.37,491.850968133884,785.25,1106.47842615216,Not Reported,0,Inscribed,1991,Not Reported,Not Applicable,Not Reported,Not Applicable,Not Reported,Not Reported,State Verified,946,IDN,IDN,Not Applicable,Not Applicable,Not Reported,Not Applicable
Polygon,555714380,555714380,PA,Buhta Anna,Buhta Anna,Buhta An a,Natural Monument,National,III,Not Applicable,Marine,0,4.88532851226989,8.763,4.99901746927274,Not Reported,0,Designated,1974,Sub-national ministry or agency,Not Applicable,Not Reported,Not Applicable,Federal Executive Authority and Government Agency,Not Reported,State Verified,1999,RUS,RUS,Not Applicable,Not Applicable,Not Applicable,Not Applicable
Polygon,5004,5004,PA,Aldabra Atoll,Aldabra Atoll,World Heritage Site (natural or mixed),World Heritage Site (natural or mixed),International,Not Applicable,(ix);(vii);(x),Coastal,157.7184981364,337.982686770381,350,494.649945510622,Not Reported,0,Inscribed,1982,Federal or national ministry or agency,Not Applicable,State,Not Applicable,Seychelles Island Foundation,Not Reported,State Verified,946,SYC,SYC,Not Applicable,Not Applicable,Not Reported,Not Applicable
Polygon,994,994,PA,Redwood National Park,Redwood National Park,Marine Protected Area,Marine Protected Area,National,V,Not Applicable,Terrestrial,0,25.5375437986248,467.978698636,467.985679599853,None,0,Designated,1968,Federal or national ministry or agency,Not Applicable,State,Not Applicable,National Park Service ; State Fish and Wildlife ; Non-Governmental Organization,Site-Specific Management Plan,State Verified,1848,USA,USA,Not Applicable,Not Applicable,Not Reported,Not Applicable
Polygon,555839975,555839975,PA,Møns klint,Møns klint,World Heritage Site (natural or mixed),World Heritage Site (natural or mixed),International,Not Applicable,(viii),Terrestrial,0,0.228294229185033,41.23,41.2329084235943,Not Applicable,0,Inscribed,2025,Not Reported,Not Applicable,Not Reported,Not Applicable,Not Reported,Not Reported,State Verified,946,DNK,DNK,Not Applicable,Not Applicable,Not Reported,Not Applicable
Polygon,555512228,555512228,PA,Mae Tho,Mae Tho,National Park,National Park,National,II,Not Applicable,Terrestrial,0,0,432.8355156,994.640579111765,Not Applicable,0,Proposed,0,Federal or national ministry or agency,Not Applicable,Not Reported,Not Applicable,"Department of National Park, Wildlife and Plant Conservation Office of National Park",Not Reported,State Verified,881,THA,THA,Not Applicable,Not Applicable,Not Reported,Not Applicable
Polygon,555784009,555784009,PA,Nyungwe National Park,Nyungwe National Park,World Heritage Site (natural or mixed),World Heritage Site (natural or mixed),International,Not Applicable,(x),Terrestrial,0,0,1019.6367,1018.88014364586,Not Applicable,0,Inscribed,2023,Not Reported,Not Applicable,Not Reported,Not Applicable,Not Reported,Not Reported,State Verified,946,RWA,RWA,Not Applicable,Not Applicable,Not Reported,Not Applicable
Polygon,220292,220292,PA,Kinabalu Park,Parc du Kinabalu,World Heritage Site (natural or mixed),World Heritage Site (natural or mixed),International,Not Applicable,(ix);(x),Terrestrial,0,0,753.7,765.459678362552,Not Applicable,0,Inscribed,2000,Sub-national ministry or agency,Not Applicable,Not Reported,Not Applicable,Sabah Parks,Not Reported,State Verified,946,MYS,MYS,Not Applicable,Not Applicable,Not Reported,Not Applicable
Polygon,168242,168242,PA,East Rennell,Rennell Est,World Heritage Site (natural or mixed),World Heritage Site (natural or mixed),International,Not Applicable,(ix),Coastal,0,514.222584861338,370,855.991169808994,Not Reported,0,Inscribed,1998,Not Reported,Not Applicable,Not Reported,Not Applicable,Not Reported,Not Reported,State Verified,946,SLB,SLB,Not Applicable,Not Applicable,Not Reported,Not Applicable
Polygon,145206,145206,PA,Szerokie Bagno,Szerokie Bagno,Rezerwat Przyrody,Nature Reserve,National,IV,Not Applicable,Terrestrial,0,0,0.7704989624,0.771046476228708,Not Applicable,0,Designated,1984,Federal or national ministry or agency,Not Applicable,Not Reported,Not Applicable,"Generalna Dyrekcja Ochrony Środowiska, ul. Wawelska 52/54, 00-922 Warszawa",Not Reported,State Verified,2013,POL,POL,Not Applicable,Not Applicable,Not Reported,Not Applicable
Polygon,357540,357540,PA,Wandoo,Wandoo,National Park,National Park,National,II,Not Applicable,Terrestrial,0,0,463.6792297363,463.679233945579,Not Applicable,0,Designated,2004,Sub-national ministry or agency,Not Applicable,Not Reported,Not Applicable,AU-WA_DBCA,Not Reported,State Verified,1804,AUS,AUS,Not Applicable,Not Applicable,Not Reported,Not Applicable
Polygon,555548706,555548706,PA,Tewantin,Tewantin,National Park,National Park,National,II,Not Applicable,Terrestrial,0,0,41.8447494507,41.8447493572124,Not Applicable,0,Designated,2022,Sub-national ministry or agency,Not Applicable,Not Reported,Not Applicable,AU-QLD_DES,Not Reported,State Verified,1804,AUS,AUS,Not Applicable,Not Applicable,Not Reported,Not Applicable
Polygon,145580,145580,PA,The Sundarbans,Les Sundarbans,World Heritage Site (natural or mixed),World Heritage Site (natural or mixed),International,Not Applicable,(ix);(x),Coastal,0,889.550002020402,1395,1719.9328947002,Not Reported,0,Inscribed,1997,Collaborative governance,Not Reported,Not Reported,Not Applicable,Forest Department,Not Reported,State Verified,946,BGD,BGD,Not Applicable,Not Applicable,Not Reported,Not Applicable
Polygon,4327,4327,PA,Garamba National Park,Parc national de la Garamba,Site du Patrimoine Mondial (naturel ou mixte),World Heritage Site (natural or mixed),International,Not Applicable,(vii);(x),Terrestrial,0,0,5000,5128.28565820666,Not Applicable,0,Inscribed,1980,Not Reported,Not Applicable,Not Reported,Not Applicable,Not Reported,Not Reported,State Verified,946,COD,COD,Not Applicable,Not Applicable,Not Reported,Not Applicable
Polygon,392893,392893,PA,"Ethniko Parko Axiou - Perioches Apolytis Prostasias tis Fysis AP1, AP2, AP3, AP4","Ethniko Parko Axiou - Perioches Apolytis Prostasias tis Fysis AP1, AP2, AP3, AP4",Periochi apolytis prostasias tis fysis se ethniko parko,Absolute nature reserve zone in National Park,National,IV,Not Applicable,Coastal,1.6339562405,5.81324277529883,35.5207885742,35.5378032591077,Not Reported,0,Designated,2009,Federal or national ministry or agency,Not Applicable,Not Reported,Not Applicable,"Ministry of Environment, Energy and Climate Change - Directorate General for the Environment",Not Reported,State Verified,2013,GRC,GRC,Not Applicable,Not Applicable,Not Reported,Not Applicable
Polygon,395341,395341,PA,Lomsdal-Visten,Lomsdal-Visten,Nasjonalpark,National Park,National,II,Not Applicable,Terrestrial,0,7.19096637434,1101.799296875,1102.43316090227,Not Applicable,0,Designated,2009,Federal or national ministry or agency,Not Applicable,Not Reported,Not Applicable,"Norwegian Environment Agency, Protected Areas Section, Norway - 7485 Trondheim",Not Reported,State Verified,2013,NOR,NOR,Not Applicable,Not Applicable,Not Reported,Not Applicable
Polygon,555557040,555557040,PA,Iverryggen,Iverryggen,Marine Protected Area (OSPAR),Marine Protected Area (OSPAR),Regional,Not Reported,Not Applicable,Marine,0,623.494715316728,626,623.494715316728,Not Reported,0,Designated,2005,Collaborative governance,Not Reported,Not Reported,Not Applicable,OSPAR Commission,http://mpa.ospar.org/home_ospar/mpa_datasheets,State Verified,883,NOR,NOR,Not Applicable,Not Applicable,Not Applicable,Not Applicable
Polygon,26689,26689,PA,Canadian Rocky Mountain Parks,Parcs des montagnes Rocheuses canadiennes,World Heritage Site (natural or mixed),World Heritage Site (natural or mixed),International,Not Applicable,(vii);(viii),Terrestrial,0,0,23600,23621.4910222574,Not Applicable,0,Inscribed,1984,Not Reported,Not Applicable,Not Reported,Not Applicable,Not Reported,Not Reported,State Verified,946,CAN,CAN,Not Applicable,Not Applicable,Not Reported,Not Applicable
Polygon,92923,92923,PA,Bassleton Wood and The Holmes,Bassleton Wood and The Holmes,Local Nature Reserve,Local Nature Reserve,National,IV,Not Applicable,Terrestrial,0,0,0.1284009896,0.128492575568573,Not Applicable,0,Designated,1992,Sub-national ministry or agency,Not Applicable,Not Reported,Not Applicable,Not Reported,Not Reported,State Verified,2113,GBR,GBR,Not Applicable,Not Applicable,Not Reported,Not Applicable
Polygon,9612,9612,PA,Srebarna Nature Reserve,Réserve naturelle de Srébarna,World Heritage Site (natural or mixed),World Heritage Site (natural or mixed),International,Not Applicable,(x),Terrestrial,0,0,6.38,6.40284918125945,Not Applicable,0,Inscribed,1983,Not Reported,Not Applicable,Not Reported,Not Applicable,Not Reported,Not Reported,State Verified,946,BGR,BGR,Not Applicable,Not Applicable,Not Reported,Not Applicable
Polygon,555556888,555556888_1,PA,Kimberley,Kimberley,Australian Marine Park,Australian Marine Park,National,II,Not Applicable,Marine,6392.2895507812,6392.28958896665,6392.2895507812,6392.28957852802,All ,6392.289335689,Designated,2018,Federal or national ministry or agency,Not Applicable,Not Reported,Not Applicable,AU-DCCEEW,Not Reported,State Verified,1804,AUS,AUS,Not Applicable,Not Applicable,Not Applicable,Not Applicable
Polygon,341924,341924,PA,Ethniko ygrotopiko parko delta Evrou - Periochi prostasias tis fysis - Zoni C,Ethniko ygrotopiko parko delta Evrou - Periochi prostasias tis fysis - Zoni C,Periochi prostasias tis fysis se ethniko parko,Nature reserve zone in National Park,National,VI,Not Applicable,Terrestrial,0,3.2962945348575,52.2841845703,52.2863356746464,Not Applicable,0,Designated,2007,Federal or national ministry or agency,Not Applicable,Not Reported,Not Applicable,"Ministry of Environment, Energy and Climate Change - Directorate General for the Environment",Not Reported,State Verified,2013,GRC,GRC,Not Applicable,Not Applicable,Not Reported,Not Applicable
Polygon,659,659,PA,Ecrins,Ecrins,"Parc national, zone cœur",National Park - Core Area,National,II,Not Applicable,Terrestrial,0,0,929.94,930.934839686866,Not Applicable,0,Designated,1973,Federal or national ministry or agency,Not Applicable,Not Reported,Not Applicable,"French Ministry in charge of the environment. In march 2012, name, acronym and address as follows : Ministère de l'Écologie, du Développement durable, des Transports et du Logement (MEDDTL) 92055 La Défense Cedex France. For national parks network,",Not Reported,State Verified,2013,FRA,FRA,Not Applicable,Not Applicable,Not Reported,Not Applicable
Polygon,12896,12896,PA,Henderson Island,Île d'Henderson,World Heritage Site (natural or mixed),World Heritage Site (natural or mixed),International,Not Applicable,(vii);(x),Coastal,0,11.4366010702893,37,41.1041078637696,Not Reported,0,Inscribed,1988,Not Reported,Not Applicable,Not Reported,Not Applicable,Not Reported,Not Reported,State Verified,946,GBR,PCN,Not Applicable,Not Applicable,Not Reported,Not Applicable
Polygon,555839982,555839982,PA,Mount Kumgang – Diamond Mountain from the Sea,Mount Kumgang – Diamond Mountain from the Sea,World Heritage Site (natural or mixed),World Heritage Site (natural or mixed),International,Not Applicable,(iii);(vii),Terrestrial,0,0,198.2786,204.339520664618,Not Applicable,0,Inscribed,2025,Not Reported,Not Applicable,Not Reported,Not Applicable,Not Reported,Not Reported,State Verified,946,PRK,PRK,Not Applicable,Not Applicable,Not Reported,Not Applicable
Point,17909,17909,PA,Mount Paekdu Biosphere Reserve,Mount Paekdu Biosphere Reserve,UNESCO-MAB Biosphere Reserve,UNESCO-MAB Biosphere Reserve,International,Not Applicable,Not Applicable,Terrestrial,0,,1320,,Not Applicable,0,Designated,1989,Not Reported,Not Applicable,Not Reported,Not Applicable,Not Reported,Not Reported,State Verified,988,PRK,PRK,Not Applicable,Not Applicable,Not Reported,Not Applicable
Polygon,2015,2015,PA,Natural and Cultural Heritage of the Ohrid region,Natural and Cultural Heritage of the Ohrid region,World Heritage Site (natural or mixed),World Heritage Site (natural or mixed),International,Not Applicable,(i);(iii);(iv);(vii),Terrestrial,0,0,947.286,1011.64017948307,Not Applicable,0,Inscribed,1979,Not Reported,Not Applicable,Not Reported,Not Applicable,Not Reported,Not Reported,State Verified,946,ALB;MKD,ALB;MKD,Not Applicable,Not Applicable,Not Reported,Not Applicable
Polygon,900008,900008,PA,Isole Eolie (Aeolian Islands),Isole Eolie (Îles Eoliennes),World Heritage Site (natural or mixed),World Heritage Site (natural or mixed),International,Not Applicable,(viii),Terrestrial,0,4.19260245526369,12.16,74.4816083784632,Not Applicable,0,Inscribed,2000,Not Reported,Not Applicable,Not Reported,Not Applicable,Not Reported,Not Reported,State Verified,946,ITA,ITA,Not Applicable,Not Applicable,Not Reported,Not Applicable
Polygon,10905,10905,PA,Chitwan National Park,Parc national de Chitwan,World Heritage Site (natural or mixed),World Heritage Site (natural or mixed),International,Not Applicable,(ix);(vii);(x),Terrestrial,0,0,932,1179.69620033669,Not Applicable,0,Inscribed,1984,Not Reported,Not Applicable,Not Reported,Not Applicable,Not Reported,Not Reported,State Verified,946,NPL,NPL,Not Applicable,Not Applicable,Not Reported,Not Applicable
Polygon,198295,198295,PA,Mount Wuyi,Mont Wuyi,World Heritage Site (natural or mixed),World Heritage Site (natural or mixed),International,Not Applicable,(iii);(vi);(vii);(x),Terrestrial,0,0,1070.44,960.249955881646,Not Applicable,0,Inscribed,1999,Not Reported,Not Applicable,Not Reported,Not Applicable,Not Reported,Not Reported,State Verified,946,CHN,CHN,Not Applicable,Not Applicable,Not Reported,Not Applicable
Polygon,902479,902479,PA,Coiba National Park and its Special Zone of Marine Protection,Parc national de Coiba et sa zone spéciale de protection marine,World Heritage Site (natural or mixed),World Heritage Site (natural or mixed),International,Not Applicable,(ix);(x),Coastal,0,2019.2133624967,2701.25,2549.90895670979,Not Reported,0,Inscribed,2005,Not Reported,Not Applicable,Not Reported,Not Applicable,Not Reported,Not Reported,State Verified,946,PAN,PAN,Not Applicable,Not Applicable,Not Reported,Not Applicable
Polygon,555557068,555557068,PA,Loch nam Madadh,Loch nam Madadh,Marine Protected Area (OSPAR),Marine Protected Area (OSPAR),Regional,Not Reported,Not Applicable,Coastal,0,10.6412079471495,0,18.5201316901358,Not Reported,0,Designated,2005,Collaborative governance,Not Reported,Not Reported,Not Applicable,OSPAR Commission,http://mpa.ospar.org/home_ospar/mpa_datasheets,State Verified,883,GBR,GBR,Not Applicable,Not Applicable,Not Reported,Not Applicable
Polygon,903006,903006,PA,Cuatrociénegas,Cuatrociénegas,UNESCO-MAB Biosphere Reserve,UNESCO-MAB Biosphere Reserve,International,Not Applicable,Not Applicable,Terrestrial,0,0,843.4747,841.280907008035,Not Applicable,0,Designated,2006,Federal or national ministry or agency,Not Applicable,Not Reported,Not Applicable,Ministry of the Environment and Natural Resources through the National Commission of Natural Protected Areas,Not Reported,State Verified,1850,MEX,MEX,Not Applicable,Not Applicable,Not Reported,Not Applicable
Polygon,555636344,555636344,PA,Lagunas de San Vicente,Lagunas de San Vicente,Reserva Natural Municipal,Municipal Nature Reserve,National,Not Reported,Not Applicable,Terrestrial,0,0,1.32,7.18673482352112,Not Applicable,0,Designated,1998,Not Reported,Not Applicable,Not Reported,Not Applicable,Not Reported,Not Reported,State Verified,1852,ARG,ARG,Not Applicable,Not Applicable,Not Reported,Not Applicable
Polygon,555703433,555703433,PA,Crater del Volcán de San Salvador,Crater del Volcán de San Salvador,Parque Nacional,National Park,National,II,Not Applicable,Terrestrial,0,0,2.0512800217,2.05166191866769,Not Applicable,0,Designated,2008,Federal or national ministry or agency,Not Applicable,State,Not Applicable,Ministerio de Medio Ambiente y Recursos Naturales,http://www.marn.gob.sv/descargas/Documentos/2018/anp/Crater%20del%20volcan/Plan%20de%20Manejo-Crate,State Verified,908,SLV,SLV,Not Applicable,Not Applicable,Not Reported,Not Applicable
Polygon,308676,308676_2,PA,Jervis Bay,Jervis Bay,Marine Park,Marine Park,National,IV,Not Applicable,Marine,155.8597869873,154.335056456018,155.8597869873,155.859971445571,Part,0,Designated,1998,Sub-national ministry or agency,Not Applicable,Not Reported,Not Applicable,AU-NSW_DPIRD,Not Reported,State Verified,1804,AUS,AUS,Not Applicable,Not Applicable,Not Applicable,Not Applicable
Polygon,3026,3026,PA,Gorge of Samaria National Park,Gorge of Samaria National Park,UNESCO-MAB Biosphere Reserve,UNESCO-MAB Biosphere Reserve,International,Not Applicable,Not Applicable,Terrestrial,0,0,48.5,88.6491735658844,Not Applicable,0,Designated,1981,Not Reported,Not Applicable,Not Reported,Not Applicable,Not Reported,Not Reported,State Verified,78,GRC,GRC,Not Applicable,Not Applicable,Not Reported,Not Applicable
Polygon,228,228,PA,Mapimí,Mapimí,UNESCO-MAB Biosphere Reserve,UNESCO-MAB Biosphere Reserve,International,Not Applicable,Not Applicable,Terrestrial,0,0,3423.879917,3425.37414792324,Not Applicable,0,Designated,1977,Federal or national ministry or agency,Not Applicable,Not Reported,Not Applicable,Ministry of the Environment and Natural Resources through the National Commission of Natural Protected Areas,Not Reported,State Verified,1850,MEX,MEX,Not Applicable,Not Applicable,Not Reported,Not Applicable
Polygon,555671526,555671526,PA,"Wetlands Reserve Program (WRP), Greenbrier, WV","Wetlands Reserve Program (WRP), Greenbrier, WV",Reserve Program,Reserve Program,National,V,Not Applicable,Terrestrial,0,0,0.0700255521,0.07002555144147,Not Applicable,0,Designated,0,Federal or national ministry or agency,Not Applicable,Individual landowners,Not Applicable,Natural Resources Conservation Service,Not Reported,State Verified,1848,USA,USA,Not Applicable,Not Applicable,Not Reported,Not Applicable
Polygon,555556045,555556045,PA,Xinjiang Tianshan,Tianshan au Xinjiang,World Heritage Site (natural or mixed),World Heritage Site (natural or mixed),International,Not Applicable,(ix);(vii),Terrestrial,0,0,6068.33,6021.96014780669,Not Applicable,0,Inscribed,2013,Not Reported,Not Applicable,Not Reported,Not Applicable,Not Reported,Not Reported,State Verified,946,CHN,CHN,Not Applicable,Not Applicable,Not Reported,Not Applicable
Polygon,555556922,555556922,PA,Baie de Morlaix,Baie de Morlaix,Marine Protected Area (OSPAR),Marine Protected Area (OSPAR),Regional,Not Reported,Not Applicable,Marine,258,249.52920370529,266,266.070002781891,Not Reported,0,Designated,2012,Collaborative governance,Not Reported,Not Reported,Not Applicable,OSPAR Commission,http://mpa.ospar.org/home_ospar/mpa_datasheets,State Verified,883,FRA,FRA,Not Applicable,Not Applicable,Not Applicable,Not Applicable
Polygon,18863,18863,PA,Mount Athos,Mont Athos,World Heritage Site (natural or mixed),World Heritage Site (natural or mixed),International,Not Applicable,(i);(ii);(iv);(v);(vi);(vii),Terrestrial,0,14.6279720300576,330.423,347.699304766253,Not Applicable,0,Inscribed,1988,Not Reported,Not Applicable,Not Reported,Not Applicable,Not Reported,Not Reported,State Verified,946,GRC,GRC,Not Applicable,Not Applicable,Not Reported,Not Applicable
Polygon,171662,171662,PA,Laane tammed (2 tk),Laane tammed (2 tk),Kaitstav looduse üksikobjekt,Protected nature monument,National,III,Not Applicable,Terrestrial,0,0,0,6.22520677559078e-06,Not Applicable,0,Designated,1959,Federal or national ministry or agency,Not Applicable,Not Reported,Not Applicable,"Ministry of Environment, Narva mnt 7a, Tallinn, Estonia",Not Reported,State Verified,2013,EST,EST,Not Applicable,Not Applicable,Not Reported,Not Applicable
Polygon,4999,4999,PA,Tassili n'Ajjer,Tassili n'Ajjer,World Heritage Site (natural or mixed),World Heritage Site (natural or mixed),International,Not Applicable,(i);(iii);(vii);(viii),Terrestrial,0,0,72000,75389.9871841254,Not Applicable,0,Inscribed,1982,Not Reported,Not Applicable,Not Reported,Not Applicable,Not Reported,Not Reported,State Verified,946,DZA,DZA,Not Applicable,Not Applicable,Not Reported,Not Applicable
Polygon,555784000,555784000,PA,Bale Mountains National Park,Bale Mountains National Park,World Heritage Site (natural or mixed),World Heritage Site (natural or mixed),International,Not Applicable,(vii);(x),Terrestrial,0,0,2150,2158.77064090415,Not Applicable,0,Inscribed,2023,Not Reported,Not Applicable,Not Reported,Not Applicable,Not Reported,Not Reported,State Verified,946,ETH,ETH,Not Applicable,Not Applicable,Not Reported,Not Applicable
Polygon,555784007,555784007,PA,Ivindo National Park,Ivindo National Park,World Heritage Site (natural or mixed),World Heritage Site (natural or mixed),International,Not Applicable,(ix);(x),Terrestrial,0,0,2987.58,2969.42375448581,Not Applicable,0,Inscribed,2021,Not Reported,Not Applicable,Not Reported,Not Applicable,Not Reported,Not Reported,State Verified,946,GAB,GAB,Not Applicable,Not Applicable,Not Reported,Not Applicable
Polygon,555697867,555697867,PA,Fanjingshan,Fanjingshan,World Heritage Site (natural or mixed),World Heritage Site (natural or mixed),International,Not Applicable,(x),Terrestrial,0,0,402.75,402.687128795827,Not Applicable,0,Inscribed,2018,Not Reported,Not Applicable,Not Reported,Not Applicable,Not Reported,Not Reported,State Verified,946,CHN,CHN,Not Applicable,Not Applicable,Not Reported,Not Applicable
Polygon,657,657,PA,Pyhä-Luoston kansallispuisto,Pyhä-Luoston kansallispuisto,Kansallispuisto,National Park,National,II,Not Applicable,Terrestrial,0,0,144.0251855469,144.140384987218,Not Applicable,0,Designated,2005,Federal or national ministry or agency,Not Applicable,Not Reported,Not Applicable,"Metsähallitus P.O.Box 94  01301 Vantaa, Finland, Tel.int. +358 205 64 100, Telefax +358 205 64 4350 FIN-01301 Vantaa. (Koli National Park is administered by Finnish Forest Research Institute, Unioninkatu 40 A, FIN-00170 HELSINKI, FINLAND, Ph. +358 10",Not Reported,State Verified,2013,FIN,FIN,Not Applicable,Not Applicable,Not Reported,Not Applicable
Polygon,555544629,555544629,PA,Makonsaaren luonnonsuojelualue,Makonsaaren luonnonsuojelualue,Yksityinen luonnonsuojelualue,Private Nature Reserve,National,IV,Not Applicable,Terrestrial,0,0,0.0083477002,0.00834929598887265,Not Applicable,0,Designated,2011,Federal or national ministry or agency,Not Applicable,Not Reported,Not Applicable,Regional Environment Centres,Not Reported,State Verified,2013,FIN,FIN,Not Applicable,Not Applicable,Not Reported,Not Applicable
Polygon,12206,12206,PA,Garajonay National Park,Parc national de Garajonay,World Heritage Site (natural or mixed),World Heritage Site (natural or mixed),International,Not Applicable,(ix);(vii),Terrestrial,0,0,39.84,37.2529153910411,Not Applicable,0,Inscribed,1986,Not Reported,Not Applicable,Not Reported,Not Applicable,Not Reported,Not Reported,State Verified,946,ESP,ESP,Not Applicable,Not Applicable,Not Reported,Not Applicable
Polygon,3036,3036,PA,Mount Hakusan,白山,UNESCO-MAB Biosphere Reserve,UNESCO-MAB Biosphere Reserve,International,Not Applicable,Not Applicable,Terrestrial,0,0,677.8,676.815392061356,Not Applicable,0,Designated,2016,Not Reported,Not Applicable,Individual landowners,Not Applicable,Not Reported,Not Reported,State Verified,1792,JPN,JPN,Not Applicable,Not Applicable,Not Reported,Not Applicable
Polygon,555592950,555592950,PA,Yacuri,Yacuri,Parque Nacional,National Park,National,II,Not Applicable,Terrestrial,0,0,481.34,481.312352855972,Not Applicable,0,Designated,2010,Federal or national ministry or agency,Not Applicable,State,Not Applicable,"Ministry of Environment, Water and Ecological Transition",http://areasprotegidas.ambiente.gob.ec/,State Verified,1866,ECU,ECU,Not Applicable,Not Applicable,Not Reported,Not Applicable
Polygon,555586878,555586878,PA,North Carolina National Estuarine Research Reserve,North Carolina National Estuarine Research Reserve,Marine Protected Area,Marine Protected Area,National,IV,Not Applicable,Coastal,0,24.9727958883733,42.7599277042,42.7599369403692,None,0,Designated,1985,Joint governance,Not Reported,Joint ownership,Not Reported,Joint ; State Department of Conservation ; State Department of Natural Resources ; State Park and Recreation ; U.S. Fish and Wildlife Service,Site-Specific Management Plan,State Verified,1848,USA,USA,Not Applicable,Not Applicable,Not Reported,Not Applicable
Polygon,555622041,555622041,PA,Archipiélago de Revillagigedo,Archipiélago de Revillagigedo - Zona Núcleo,World Heritage Site (natural or mixed),World Heritage Site (natural or mixed),International,Not Applicable,(ix);(vii);(x),Marine,6366.85375,6221.9964235422,6366.85375,6374.97780841232,Not Reported,0,Inscribed,2016,Federal or national ministry or agency,Not Applicable,Not Reported,Not Applicable,Not Reported,Not Reported,State Verified,946,MEX,MEX,Not Applicable,Not Applicable,Not Applicable,Not Applicable
Polygon,10745,10745,PA,Manas Wildlife Sanctuary,Sanctuaire de faune de Manas,World Heritage Site (natural or mixed),World Heritage Site (natural or mixed),International,Not Applicable,(ix);(vii);(x),Terrestrial,0,0,391,448.919903079918,Not Applicable,0,Inscribed,1985,Not Reported,Not Applicable,Not Reported,Not Applicable,Not Reported,Not Reported,State Verified,946,IND,IND,Not Applicable,Not Applicable,Not Reported,Not Applicable
Polygon,10903,10903,PA,Talamanca Range-La Amistad Reserves / La Amistad National Park,Réserves de la cordillère de Talamanca-La Amistad / Parc national La Amistad,World Heritage Site (natural or mixed),World Heritage Site (natural or mixed),International,Not Applicable,(ix);(vii);(viii);(x),Terrestrial,0,0,5700.45,5771.99675019212,Not Applicable,0,Inscribed,1983,Not Reported,Not Applicable,Not Reported,Not Applicable,Not Reported,Not Reported,State Verified,946,CRI;PAN,CRI;PAN,Not Applicable,Not Applicable,Not Reported,Not Applicable
Polygon,67728,67728,PA,Danube Delta,Delta du Danube,World Heritage Site (natural or mixed),World Heritage Site (natural or mixed),International,Not Applicable,(vii);(x),Terrestrial,0,204.004351240831,3124.4,3151.28061409496,Not Applicable,0,Inscribed,1991,Not Reported,Not Applicable,Not Reported,Not Applicable,Not Reported,Not Reported,State Verified,946,ROU,ROU,Not Applicable,Not Applicable,Not Reported,Not Applicable
Polygon,67727,67727,PA,Aïr and Ténéré Natural Reserves,Réserves naturelles de l'Aïr et du Ténéré,World Heritage Site (natural or mixed),World Heritage Site (natural or mixed),International,Not Applicable,(ix);(x),Terrestrial,0,0,77360,78299.0860572702,Not Applicable,0,Inscribed,1991,Federal or national ministry or agency,Not Applicable,State,Not Applicable,"Direction de la Faune, de la Chasse et des Parcs et Réserves (DFC/PR) et Unité de Gestion de l'Aire Protégée (UGAP)",Managment plan is not implemented and not available,State Verified,946,NER,NER,Not Applicable,Not Applicable,Not Reported,Not Applicable
Polygon,555744923,555744923_1,PA,Hayr Bul Thamah,هير بولثامة,منطقة محمية بحرية,Marine Protected Area,National,Not Reported,Not Applicable,Marine,58.7,267.653760322183,58.7,267.653760322183,Not Reported,0,Designated,2017,Federal or national ministry or agency,Not Applicable,State,Not Applicable,Supreme Council for Environment,https://www.legalaffairs.gov.bh/Media/LegalPDF/RCAG1086.pdf,State Verified,1025,BHR,BHR,Not Applicable,Not Applicable,Not Applicable,Not Applicable
Polygon,900765,900765,PA,Gran Humedal del Norte de Ciego de Ávila,Gran Humedal del Norte de Ciego de Ávila,Wetland of International Importance (Ramsar Site),Wetland of International Importance (Ramsar Site),International,Not Reported,(i);(ii);(iii);(iv),Coastal,1553.6,1498.3223565089,2268.75,2501.32690364498,Not Reported,0,Designated,2002,Not Reported,Not Applicable,Not Reported,Not Applicable,Not Reported,Management plan is not implented and not available,State Verified,1856,CUB,CUB,Not Applicable,Not Applicable,Not Reported,Not Applicable
Polygon,555587632,555587632,PA,Teijon kansallispuisto,Teijon kansallispuisto,Kansallispuisto,National Park,National,II,Not Applicable,Terrestrial,0.7086410645,0.828620867709983,35.4320532227,35.4174876366651,Not Applicable,0,Designated,2014,Federal or national ministry or agency,Not Applicable,Not Reported,Not Applicable,"Metsähallitus P.O.Box 94  01301 Vantaa, Finland, Tel.int. +358 205 64 100, Telefax +358 205 64 4350 FIN-01301 Vantaa. (Koli National Park is administered by Finnish Forest Research Institute, Unioninkatu 40 A, FIN-00170 HELSINKI, FINLAND, Ph. +358 10",Not Reported,State Verified,2013,FIN,FIN,Not Applicable,Not Applicable,Not Reported,Not Applicable
Polygon,308684,308684_1,PA,Moreton Bay,Moreton Bay,Marine Park,Marine Park,National,II,Not Applicable,Marine,803.7769165039,735.000773865067,803.7769165039,803.776955779854,All ,803.7769409843,Designated,2019,Sub-national ministry or agency,Not Applicable,Not Reported,Not Applicable,AU-QLD_DES,Not Reported,State Verified,1804,AUS,AUS,Not Applicable,Not Applicable,Not Applicable,Not Applicable
Polygon,902481,902481,PA,Islands and Protected Areas of the Gulf of California,Islas y Áreas Protegidas del Golfo de California,World Heritage Site (natural or mixed),World Heritage Site (natural or mixed),International,Not Applicable,(ix);(vii);(x),Coastal,6885.58,15047.1708769234,6885.58,22756.553965714,Not Reported,0,Inscribed,2005,Federal or national ministry or agency,Not Applicable,Not Reported,Not Applicable,Ministry of the Environment and Natural Resources through the National Commission of Natural Protected Areas,Not Reported,State Verified,946,MEX,MEX,Not Applicable,Not Applicable,Not Reported,Not Applicable
Polygon,902335,902335,PA,Tropical Rainforest Heritage of Sumatra,Patrimoine des forêts tropicales ombrophiles de Sumatra,World Heritage Site (natural or mixed),World Heritage Site (natural or mixed),International,Not Applicable,(ix);(vii);(x),Terrestrial,0,50.1804183385115,25951.24,25804.6657054474,Not Applicable,0,Inscribed,2004,Not Reported,Not Applicable,Not Reported,Not Applicable,Not Reported,Not Reported,State Verified,946,IDN,IDN,Not Applicable,Not Applicable,Not Reported,Not Applicable
Polygon,565,565_2,PA,Watheroo,Watheroo,National Park,National Park,National,II,Not Applicable,Terrestrial,0,0,16.3405799866,16.3405801662312,Not Applicable,0,Designated,1973,Sub-national ministry or agency,Not Applicable,Not Reported,Not Applicable,AU-WA_DBCA,Not Reported,State Verified,1804,AUS,AUS,Not Applicable,Not Applicable,Not Reported,Not Applicable
Polygon,197,197,PA,Tikal National Park,Parc national de Tikal,World Heritage Site (natural or mixed),World Heritage Site (natural or mixed),International,Not Applicable,(i);(iii);(iv);(ix);(x),Terrestrial,0,0,576,575.392529328056,Not Applicable,0,Inscribed,1979,Not Reported,Not Applicable,Not Reported,Not Applicable,Not Reported,Not Reported,State Verified,946,GTM,GTM,Not Applicable,Not Applicable,Not Reported,Not Applicable
Polygon,478641,478641,PA,The Dolomites,Les Dolomites,World Heritage Site (natural or mixed),World Heritage Site (natural or mixed),International,Not Applicable,(vii);(viii),Terrestrial,0,0,1419.028,1417.95515369694,Not Applicable,0,Inscribed,2009,Not Reported,Not Applicable,Not Reported,Not Applicable,Not Reported,Not Reported,State Verified,946,ITA,ITA,Not Applicable,Not Applicable,Not Reported,Not Applicable
Polygon,71003,71003,PA,Piopiotahi,Piopiotahi,Marine Reserve,Marine Reserve,National,Ia,Not Applicable,Marine,7.28925,7.08864444546287,7.289250659,7.26335880890479,All ,7.28925,Designated,1993,Federal or national ministry or agency,Not Applicable,Not Reported,Not Applicable,Department of Conservation,Not Reported,State Verified,1773,NZL,NZL,Not Applicable,Not Applicable,Not Applicable,Not Applicable
Polygon,555547991,555547991,PA,Lena Pillars Nature Park,Parc naturel des colonnes de la Lena,World Heritage Site (natural or mixed),World Heritage Site (natural or mixed),International,Not Applicable,(viii),Terrestrial,0,0,13870,13242.8500971302,Not Applicable,0,Inscribed,2012,Not Reported,Not Applicable,Not Reported,Not Applicable,Not Reported,Not Reported,State Verified,946,RUS,RUS,Not Applicable,Not Applicable,Not Reported,Not Applicable
Polygon,555586859,555586859,PA,Tijuana River Mouth State Marine Conservation Area,Tijuana River Mouth State Marine Conservation Area,Marine Protected Area,Marine Protected Area,National,V,Not Applicable,Marine,0,7.4628957448222,7.8124633837,7.81246566394259,None,0,Designated,2012,Sub-national ministry or agency,Not Applicable,State,Not Applicable,State Fish and Wildlife,MPA Programmatic Management Plan,State Verified,1848,USA,USA,Not Applicable,Not Applicable,Not Applicable,Not Applicable
Polygon,555624858,555624858,PA,Los Alerces National Park,Parque Nacional Los Alerces,Sitio Patrimonio de la Humanidad (natural o mixto),World Heritage Site (natural or mixed),International,Not Applicable,(vii);(x),Terrestrial,0,0,1883.79,1884.16597436111,Not Applicable,0,Inscribed,2017,Federal or national ministry or agency,Not Applicable,Not Reported,Not Applicable,Not Reported,Not Reported,State Verified,946,ARG,ARG,Not Applicable,Not Applicable,Not Reported,Not Applicable
Polygon,124386,124386,PA,Lake Baikal,Lake Baikal,World Heritage Site (natural or mixed),World Heritage Site (natural or mixed),International,Not Applicable,(ix);(vii);(viii);(x),Terrestrial,0,0,88000,85673.672092927,Not Applicable,0,Inscribed,1996,Not Reported,Not Applicable,Not Reported,Not Applicable,Not Reported,Not Reported,State Verified,946,RUS,RUS,Not Applicable,Not Applicable,Not Reported,Not Applicable
Polygon,93190,93190,PA,Rough Wood,Rough Wood,Local Nature Reserve,Local Nature Reserve,National,IV,Not Applicable,Terrestrial,0,0,0.2938568429,0.294075931789542,Not Applicable,0,Designated,1991,Sub-national ministry or agency,Not Applicable,Not Reported,Not Applicable,Not Reported,Not Reported,State Verified,2113,GBR,GBR,Not Applicable,Not Applicable,Not Reported,Not Applicable
Polygon,317007,317007,PA,Eshkol,אשכול,National Park,National Park,National,Not Assigned,Not Applicable,Terrestrial,0,0,0.5019251744,0.501859819190199,Not Applicable,0,Designated,1986,Federal or national ministry or agency,Not Applicable,Not Reported,Not Applicable,Israel Nature and Parks Authority,Not Reported,State Verified,1706,ISR,ISR,Not Applicable,Not Applicable,Not Reported,Not Applicable
Polygon,16793,16793,PA,Nanda Devi and Valley of Flowers National Parks,Parcs nationaux de Nanda Devi et de la Vallée des fleurs,World Heritage Site (natural or mixed),World Heritage Site (natural or mixed),International,Not Applicable,(vii);(x),Terrestrial,0,0,712.1,736.440860487641,Not Applicable,0,Inscribed,1988,Not Reported,Not Applicable,Not Reported,Not Applicable,Not Reported,Not Reported,State Verified,946,IND,IND,Not Applicable,Not Applicable,Not Reported,Not Applicable
Polygon,17760,17760,PA,Manú National Park,Parc national de Manú,World Heritage Site (natural or mixed),World Heritage Site (natural or mixed),International,Not Applicable,(ix);(x),Terrestrial,0,0,17162.9522,16944.200511681,Not Applicable,0,Inscribed,1987,Not Reported,Not Applicable,Not Reported,Not Applicable,Not Reported,Not Reported,State Verified,946,PER,PER,Not Applicable,Not Applicable,Not Reported,Not Applicable
Polygon,555750116,555750116,PA,Norwood Sec 3 Lots 2A-2C,Norwood Sec 3 Lots 2A-2C,Conservation Easement,Conservation Easement,National,Not Assigned,Not Applicable,Terrestrial,0,0,0.0152296928,0.015229688965613,Not Applicable,0,Designated,0,Sub-national ministry or agency,Not Applicable,Individual landowners,Not Applicable,County Land,Not Reported,State Verified,1848,USA,USA,Not Applicable,Not Applicable,Not Reported,Not Applicable
Polygon,10717,10717,PA,Pechoro-Ilychskiy,Pechoro-Ilychskiy,UNESCO-MAB Biosphere Reserve,UNESCO-MAB Biosphere Reserve,International,Not Applicable,Not Applicable,Terrestrial,0,0,12537.53,7105.11420200131,Not Applicable,0,Designated,1984,Collaborative governance,Not Reported,Not Reported,Not Applicable,Not Reported,Not Reported,State Verified,840,RUS,RUS,Not Applicable,Not Applicable,Not Reported,Not Applicable
Polygon,2088,2088,PA,Black River Gorges Bel Ombre Biosphere Reserve,Black River Gorges Bel Ombre Biosphere Reserve,UNESCO-MAB Biosphere Reserve,UNESCO-MAB Biosphere Reserve,International,Not Applicable,Not Applicable,Terrestrial,0,0,70.71,49.626502237655,Not Applicable,0,Designated,1977,Federal or national ministry or agency,Not Applicable,State,Not Applicable,National Parks and Conservation Service,Existing,State Verified,1819,MUS,MUS,Not Applicable,Not Applicable,Not Reported,Not Applicable
Polygon,220258,220258,PA,Baishuijiang,Baishuijiang,UNESCO-MAB Biosphere Reserve,UNESCO-MAB Biosphere Reserve,International,Not Applicable,Not Applicable,Terrestrial,0,0,2137.5,2659.7662941613,Not Applicable,0,Designated,2000,Not Reported,Not Applicable,Not Reported,Not Applicable,Not Reported,Not Reported,Not Reported,526,CHN,CHN,Not Applicable,Not Applicable,Not Reported,Not Applicable
Polygon,555583110,555583110,PA,Badingilo Extension,Badingilo Extension,National Park,National Park,National,II,Not Applicable,Terrestrial,0,0,7724,7729.46058050411,Not Applicable,0,Proposed,0,Federal or national ministry or agency,Not Applicable,Not Reported,Not Applicable,South Sudan National Wildlife Service (SSWS),Existing,State Verified,1847,SSD,SSD,Not Applicable,Not Applicable,Not Reported,Not Applicable
Polygon,555556986,555556986,PA,Faial-Pico Channel,Faial-Pico Channel,Marine Protected Area (OSPAR),Marine Protected Area (OSPAR),Regional,Not Reported,Not Applicable,Marine,0,240.08248048256,240,240.16278670336,Not Reported,0,Designated,2006,Collaborative governance,Not Reported,Not Reported,Not Applicable,OSPAR Commission,http://mpa.ospar.org/home_ospar/mpa_datasheets,State Verified,883,PRT,PRT,Not Applicable,Not Applicable,Not Applicable,Not Applicable
Polygon,555547988,555547988,PA,Sangha Trinational,Trinational de la Sangha,Site du Patrimoine Mondial (naturel ou mixte),World Heritage Site (natural or mixed),International,Not Applicable,(ix);(x),Terrestrial,0,0,7463.09,7599.29839114824,Not Applicable,0,Inscribed,2012,Not Reported,Not Applicable,Not Reported,Not Applicable,Not Reported,Not Reported,State Verified,946,CAF;CMR;COG,CAF;CMR;COG,Not Applicable,Not Applicable,Not Reported,Not Applicable
Polygon,900629,900629,PA,Central Sikhote-Alin,Central Sikhote-Alin,World Heritage Site (natural or mixed),World Heritage Site (natural or mixed),International,Not Applicable,(x),Terrestrial,0,32.1166898801146,15668.18,3999.26966748904,Not Applicable,0,Inscribed,2001,Not Reported,Not Applicable,Not Reported,Not Applicable,Not Reported,Not Reported,State Verified,946,RUS,RUS,Not Applicable,Not Applicable,Not Reported,Not Applicable
Polygon,555586844,555586844,PA,Bolsa Bay State Marine Conservation Area,Bolsa Bay State Marine Conservation Area,Marine Protected Area,Marine Protected Area,National,V,Not Applicable,Terrestrial,0,0,0.1789923696,0.17899219634629,None,0,Designated,2012,Sub-national ministry or agency,Not Applicable,State,Not Applicable,State Fish and Wildlife,MPA Programmatic Management Plan,State Verified,1848,USA,USA,Not Applicable,Not Applicable,Not Reported,Not Applicable
Polygon,326181,326181,PA,Podpeška jama,Podpeška jama,naravni spomenik,Natural Monument,National,III,Not Applicable,Terrestrial,0,0,0.0930000019,0.0930119818411786,Not Applicable,0,Designated,1992,Federal or national ministry or agency,Not Applicable,Not Reported,Not Applicable,"Ministry of Agriculture and Environment, Dunajska 22, 1000 Ljubljana, Slovenia",Not Reported,State Verified,2013,SVN,SVN,Not Applicable,Not Applicable,Not Reported,Not Applicable
Polygon,30614,30614,PA,Montañas Mayas Chiquibul,Montañas Mayas Chiquibul,Reserva de la Biosfera,Biosphere Reserve,National,VI,Not Applicable,Terrestrial,0,0,1444.35061122,610.74565218988,Not Applicable,0,Designated,1995,Federal or national ministry or agency,Not Applicable,State,Not Applicable,CONAP,Not Reported,State Verified,814,GTM,GTM,Not Applicable,Not Applicable,Not Reported,Not Applicable
Polygon,9545,9545,PA,Comoé National Park,Parc national de la Comoé,World Heritage Site (natural or mixed),World Heritage Site (natural or mixed),International,Not Applicable,(ix);(x),Terrestrial,0,0,11492.5,11501.5421996236,Not Applicable,0,Inscribed,1983,Government-delegated management,Not Applicable,Not Reported,Not Applicable,Office Ivoirien des Parcs et Réserves,Existing,State Verified,946,CIV,CIV,Not Applicable,Not Applicable,Not Reported,Not Applicable
Polygon,555551859,555551859,PA,2027289 Vuollerimskogen,2027289 Vuollerimskogen,Naturreservat,Nature Reserve,National,Ia,Not Applicable,Terrestrial,0,0,0.2469000053,0.246857007081665,Not Applicable,0,Designated,2012,Federal or national ministry or agency,Not Applicable,Not Reported,Not Applicable,County Administrative Board and Local Authorities,Not Reported,State Verified,2013,SWE,SWE,Not Applicable,Not Applicable,Not Reported,Not Applicable
Polygon,378254,378254,PA,NSG Oetternbach,NSG Oetternbach,Naturschutzgebiet,Nature Reserve,National,IV,Not Applicable,Terrestrial,0,0,1.04,1.03589292990514,Not Applicable,0,Designated,2006,Federal or national ministry or agency,Not Applicable,Not Reported,Not Applicable,Bundesamt für Naturschutz,Not Reported,State Verified,2013,DEU,DEU,Not Applicable,Not Applicable,Not Reported,Not Applicable
Polygon,555703205,555703205,PA,Vatnajökull National Park - Dynamic Nature of Fire and Ice,Vatnajökull National Park - Dynamic Nature of Fire and Ice,World Heritage Site (natural or mixed),World Heritage Site (natural or mixed),International,Not Applicable,(viii),Terrestrial,0,234.328860525264,14820,14339.9374733318,Not Applicable,0,Inscribed,2019,Federal or national ministry or agency,Not Applicable,Not Reported,Not Applicable,Not Reported,Not Reported,State Verified,946,ISL,ISL,Not Applicable,Not Applicable,Not Reported,Not Applicable
Polygon,145582,145582,PA,Cocos Island National Park,Parc national de l'île Cocos,World Heritage Site (natural or mixed),World Heritage Site (natural or mixed),International,Not Applicable,(ix);(x),Marine,0,1863.90265116692,1997,1863.97681366969,Not Reported,0,Inscribed,1997,Not Reported,Not Applicable,Not Reported,Not Applicable,Not Reported,Not Reported,State Verified,946,CRI,CRI,Not Applicable,Not Applicable,Not Applicable,Not Applicable
Polygon,555763387,555763387,PA,2046428 Sandsjöån,2046428 Sandsjöån,Naturreservat,Nature Reserve,National,Ia,Not Applicable,Terrestrial,0,0,3.3514001465,3.35137213832785,Not Applicable,0,Designated,2023,Federal or national ministry or agency,Not Applicable,Not Reported,Not Applicable,County Administrative Board and Local Authorities,Not Reported,State Verified,2013,SWE,SWE,Not Applicable,Not Applicable,Not Reported,Not Applicable
Polygon,555790216,555790216,PA,B.Nelivaru,B.Nelivaru Sarahahdhu,UNESCO-MAB Biosphere Reserve,UNESCO-MAB Biosphere Reserve,International,Not Applicable,Not Applicable,Marine,6.6528,6.63996184893776,6.6528,6.65077495757626,Part,2.0646,Designated,2023,Federal or national ministry or agency,Not Applicable,State,Not Applicable,Baa Atoll Biosphere Reserve Office,Not Reported,State Verified,1857,MDV,MDV,Not Applicable,Not Applicable,Not Applicable,Not Applicable
Polygon,555784004,555784004,PA,Forest Massif of Odzala-Kokoua,Forest Massif of Odzala-Kokoua,World Heritage Site (natural or mixed),World Heritage Site (natural or mixed),International,Not Applicable,(ix);(x),Terrestrial,0,0,11793.76,11661.0830353957,Not Applicable,0,Inscribed,2023,Not Reported,Not Applicable,Not Reported,Not Applicable,Not Reported,Not Reported,State Verified,946,COG,COG,Not Applicable,Not Applicable,Not Reported,Not Applicable
Polygon,555784003,555784003,PA,Evaporitic Karst and Caves of Northern Apennines,Evaporitic Karst and Caves of Northern Apennines,World Heritage Site (natural or mixed),World Heritage Site (natural or mixed),International,Not Applicable,(viii),Terrestrial,0,0,36.8,36.8108034831628,Not Applicable,0,Inscribed,2023,Not Reported,Not Applicable,Not Reported,Not Applicable,Not Reported,Not Reported,State Verified,946,ITA,ITA,Not Applicable,Not Applicable,Not Reported,Not Applicable
Polygon,198298,198298,PA,Lorentz National Park,Parc national de Lorentz,World Heritage Site (natural or mixed),World Heritage Site (natural or mixed),International,Not Applicable,(ix);(viii);(x),Terrestrial,0,2025.04362044702,23500,23550.8229404182,Not Applicable,0,Inscribed,1999,Not Reported,Not Applicable,Not Reported,Not Applicable,Not Reported,Not Reported,State Verified,946,IDN,IDN,Not Applicable,Not Applicable,Not Reported,Not Applicable
Polygon,900723,900723,PA,Ugra,Ugra,UNESCO-MAB Biosphere Reserve,UNESCO-MAB Biosphere Reserve,International,Not Applicable,Not Applicable,Terrestrial,0,0,1538.32,1115.65695088827,Not Applicable,0,Designated,2002,Collaborative governance,Not Reported,Not Reported,Not Applicable,Not Reported,Not Reported,State Verified,840,RUS,RUS,Not Applicable,Not Applicable,Not Reported,Not Applicable
Polygon,24767,24767,PA,Budj Bim,Budj Bim,National Park,National Park,National,II,Not Applicable,Terrestrial,0,0,85.7088775635,85.7088147024305,Not Applicable,0,Designated,1997,Sub-national ministry or agency,Not Applicable,Not Reported,Not Applicable,AU-VIC_DEECA,Not Reported,State Verified,1804,AUS,AUS,Not Applicable,Not Applicable,Not Reported,Not Applicable
Polygon,8841,8841,PA,Gunung Sojol,Gunung Sojol,Cagar Alam,Nature Reserve,National,Ia,Not Applicable,Terrestrial,0,0,644.4871,685.30335497842,Not Applicable,0,Designated,0,Federal or national ministry or agency,Not Applicable,State,Not Applicable,Balai Konservasi Sumber Daya Alam Sulawesi Tengah,Not Reported,State Verified,1928,IDN,IDN,Not Applicable,Not Applicable,Not Reported,Not Applicable
Polygon,191,191,PA,Galápagos Islands,Îles Galápagos,World Heritage Site (natural or mixed),World Heritage Site (natural or mixed),International,Not Applicable,(ix);(vii);(viii);(x),Marine,0,142036.248114823,140665.14,150029.431600656,Not Reported,0,Inscribed,1978,Not Reported,Not Applicable,Not Reported,Not Applicable,Not Reported,Not Reported,State Verified,946,ECU,ECU,Not Applicable,Not Applicable,Not Applicable,Not Applicable
Polygon,555547570,555547570,PA,Los Volcanes,Los Volcanes,UNESCO-MAB Biosphere Reserve,UNESCO-MAB Biosphere Reserve,International,Not Applicable,Not Applicable,Terrestrial,0,0,398.1908,398.497100180545,Not Applicable,0,Designated,2010,Federal or national ministry or agency,Not Applicable,Not Reported,Not Applicable,Ministry of the Environment and Natural Resources through the National Commission of Natural Protected Areas,Not Reported,State Verified,1850,MEX,MEX,Not Applicable,Not Applicable,Not Reported,Not Applicable
Polygon,124385,124385,PA,W-Arly-Pendjari Complex,Complexe W-Arly-Pendjari,World Heritage Site (natural or mixed),World Heritage Site (natural or mixed),International,Not Applicable,(ix);(vii);(x),Terrestrial,0,0,17148.31,17464.0218436479,Not Applicable,0,Inscribed,1996,Federal or national ministry or agency,Not Applicable,State,Not Applicable,"Direction de la Faune, de la Chasse et des Parcs et Réserves (DFC/PR) et Unité de Gestion de l'Aire Protégée (UGAP)",Management plan is implented and available,State Verified,946,BEN;BFA;NER,BEN;BFA;NER,Not Applicable,Not Applicable,Not Reported,Not Applicable
Point,555547543,555547543,PA,Graciosa Island,Graciosa Island,UNESCO-MAB Biosphere Reserve,UNESCO-MAB Biosphere Reserve,International,Not Applicable,Not Applicable,Terrestrial,0,,4.74,,Not Applicable,0,Designated,2007,Not Reported,Not Applicable,Not Reported,Not Applicable,Not Reported,Not Reported,State Verified,1688,PRT,PRT,Not Applicable,Not Applicable,Not Reported,Not Applicable
Polygon,903062,903062,PA,Rainforests of the Atsinanana,Forêts humides de l’Atsinanana,World Heritage Site (natural or mixed),World Heritage Site (natural or mixed),International,Not Applicable,(ix);(x),Terrestrial,0,1.598161809138,4796.607,4784.98829464842,Not Applicable,0,Inscribed,2007,Not Reported,Not Applicable,Not Reported,Not Applicable,Not Reported,Not Reported,State Verified,946,MDG,MDG,Not Applicable,Not Applicable,Not Reported,Not Applicable
Polygon,555556917,555556917,PA,Anton Dohrn Seamount,Anton Dohrn Seamount,Marine Protected Area (OSPAR),Marine Protected Area (OSPAR),Regional,Not Reported,Not Applicable,Marine,0,1429.46832478932,0,1429.46832478932,Not Reported,0,Designated,2012,Collaborative governance,Not Reported,Not Reported,Not Applicable,OSPAR Commission,http://mpa.ospar.org/home_ospar/mpa_datasheets,State Verified,883,GBR,GBR,Not Applicable,Not Applicable,Not Applicable,Not Applicable
Polygon,220298,220298,PA,Central Suriname Nature Reserve,Réserve naturelle du Suriname central,World Heritage Site (natural or mixed),World Heritage Site (natural or mixed),International,Not Applicable,(ix);(x),Terrestrial,0,0,16000,16164.1755047471,Not Applicable,0,Inscribed,2000,Not Reported,Not Applicable,Not Reported,Not Applicable,Not Reported,Not Reported,State Verified,946,SUR,SUR,Not Applicable,Not Applicable,Not Reported,Not Applicable
Polygon,900881,900881,PA,Three Parallel Rivers of Yunnan Protected Areas,Aires protégées des trois fleuves parallèles au Yunnan,World Heritage Site (natural or mixed),World Heritage Site (natural or mixed),International,Not Applicable,(ix);(vii);(viii);(x),Terrestrial,0,0,9777.213,21053.6189012703,Not Applicable,0,Inscribed,2003,Not Reported,Not Applicable,Not Reported,Not Applicable,Not Reported,Not Reported,State Verified,946,CHN,CHN,Not Applicable,Not Applicable,Not Reported,Not Applicable
Polygon,666646,666646,PA,Estero Bay Preserve State Park,Estero Bay Preserve State Park,Marine Protected Area,Marine Protected Area,National,IV,Not Applicable,Terrestrial,0,0.410604600405328,45.7897768125,45.78976400697,None,0,Designated,1987,Sub-national ministry or agency,Not Applicable,State,Not Applicable,State Department of Conservation ; State Park and Recreation,Site-Specific Management Plan,State Verified,1848,USA,USA,Not Applicable,Not Applicable,Not Reported,Not Applicable
Polygon,608,608,PA,Waza,Waza,Parc National,National Park,National,II,Not Applicable,Terrestrial,0,0,1700,1407.06644849597,Not Applicable,0,Designated,1968,Federal or national ministry or agency,Not Applicable,State,Not Applicable,State,Yes,State Verified,1957,CMR,CMR,Not Applicable,Not Applicable,Not Reported,Not Applicable
Polygon,2517,2517,PA,Triglavski narodni park,Triglavski narodni park,narodni park,National Park,National,II,Not Applicable,Terrestrial,0,0,839.85296875,839.843561517444,Not Applicable,0,Designated,1981,Federal or national ministry or agency,Not Applicable,Not Reported,Not Applicable,"Ministry of Agriculture and Environment, Dunajska 22, 1000 Ljubljana, Slovenia",Not Reported,State Verified,2013,SVN,SVN,Not Applicable,Not Applicable,Not Reported,Not Applicable
Polygon,378328,378328,PA,NSG Wimberner Bach,NSG Wimberner Bach,Naturschutzgebiet,Nature Reserve,National,IV,Not Applicable,Terrestrial,0,0,0.13,0.129085835153343,Not Applicable,0,Designated,2006,Federal or national ministry or agency,Not Applicable,Not Reported,Not Applicable,Bundesamt für Naturschutz,Not Reported,State Verified,2013,DEU,DEU,Not Applicable,Not Applicable,Not Reported,Not Applicable
Polygon,175495,175495,PA,VUORILAHDENPAASIEN LUONNO,VUORILAHDENPAASIEN LUONNO,Yksityinen luonnonsuojelualue,Private Nature Reserve,National,IV,Not Applicable,Coastal,0.0148324804,0.0165668671040786,0.0185406005,0.0185500228340849,Not Reported,0,Designated,1999,Federal or national ministry or agency,Not Applicable,Not Reported,Not Applicable,Regional Environment Centres,Not Reported,State Verified,2013,FIN,FIN,Not Applicable,Not Applicable,Not Reported,Not Applicable
Polygon,26652,26652,PA,Te Wahipounamu – South West New Zealand,Te Wahipounamu – zone sud-ouest de la Nouvelle-Zélande,World Heritage Site (natural or mixed),World Heritage Site (natural or mixed),International,Not Applicable,(ix);(vii);(viii);(x),Terrestrial,0,613.461271061709,26000,25137.9010968565,Not Applicable,0,Inscribed,1990,Not Reported,Not Applicable,Not Reported,Not Applicable,Not Reported,Not Reported,State Verified,946,NZL,NZL,Not Applicable,Not Applicable,Not Reported,Not Applicable
Polygon,555702529,555702529,PA,Innervisten,Innervisten,Marint verneområde (naturmangfoldloven),Marine Protected Area,National,Not Reported,Not Applicable,Marine,5.0535601807,4.67183673481312,5.0535601807,5.05623773709145,Not Reported,0,Designated,2020,Federal or national ministry or agency,Not Applicable,Not Reported,Not Applicable,"Norwegian Environment Agency, Protected Areas Section, Norway - 7485 Trondheim",Not Reported,State Verified,2013,NOR,NOR,Not Applicable,Not Applicable,Not Applicable,Not Applicable
Polygon,555516418,555516418,PA,SG̲áan K̲ínghlas-Bowie Marine Protected Area,SG̲áan K̲ínghlas-Bowie Marine Protected Area,Marine Protected Area,Marine Protected Area,National,Not Reported,Not Applicable,Marine,6102.6267,6102.74855957389,6102.6267,6103.22363764514,Not Reported,0,Designated,2008,Federal or national ministry or agency,Not Applicable,State,Not Applicable,Fisheries And Oceans Canada,http://www.dfo-mpo.gc.ca/oceans/mpa-zpm/bowie-eng.html,State Verified,1868,CAN,CAN,Not Applicable,Not Applicable,Not Applicable,Not Applicable
Polygon,10908,10908,PA,Yosemite National Park,Parc national de Yosemite,World Heritage Site (natural or mixed),World Heritage Site (natural or mixed),International,Not Applicable,(vii);(viii),Terrestrial,0,0,3079.34,3024.75677865047,Not Applicable,0,Inscribed,1984,Not Reported,Not Applicable,Not Reported,Not Applicable,Not Reported,Not Reported,State Verified,946,USA,USA,Not Applicable,Not Applicable,Not Reported,Not Applicable
Polygon,555655608,555655608,PA,Fort Casey Underwater Park,Fort Casey Underwater Park,Marine Protected Area,Marine Protected Area,National,IV,Not Applicable,Coastal,0,2.02387780782002,3.8124433601,3.8124367686727,None,0,Designated,1970,Sub-national ministry or agency,Not Applicable,State,Not Applicable,State Fish and Wildlife ; State Park and Recreation,Non-MPA Programmatic Habitat Management Plan,State Verified,1848,USA,USA,Not Applicable,Not Applicable,Not Reported,Not Applicable
Polygon,555512381,555512381,PA,Jamdo,잠도,특정도서,Special Island,National,IV,Not Applicable,Marine,0,0.07661447609249,0.0765620023,0.07661447609249,Not Reported,0,Designated,2007,Federal or national ministry or agency,Not Applicable,Not Reported,Not Applicable,Ministry of Environment,Special Island Conservation Plan (2015-2014) and Annual management plan,State Verified,1892,KOR,KOR,Not Applicable,Not Applicable,Not Applicable,Not Applicable
Polygon,145586,145586,PA,Lake Turkana National Parks,Parcs nationaux du Lac Turkana,World Heritage Site (natural or mixed),World Heritage Site (natural or mixed),International,Not Applicable,(viii);(x),Terrestrial,0,0,1614.85,1535.23840370696,Not Applicable,0,Inscribed,1997,Not Reported,Not Applicable,Not Reported,Not Applicable,Not Reported,Not Reported,State Verified,946,KEN,KEN,Not Applicable,Not Applicable,Not Reported,Not Applicable
Polygon,555784002,555784002,PA,Cold Winter Deserts of Turan,Cold Winter Deserts of Turan,World Heritage Site (natural or mixed),World Heritage Site (natural or mixed),International,Not Applicable,(ix);(x),Terrestrial,0,0,33687.41,33545.9026725778,Not Applicable,0,Inscribed,2023,Not Reported,Not Applicable,Not Reported,Not Applicable,Not Reported,Not Reported,State Verified,946,KAZ;TKM;UZB,KAZ;TKM;UZB,Not Applicable,Not Applicable,Not Reported,Not Applicable
Polygon,17758,17758,PA,Dja Faunal Reserve,Réserve de faune du Dja,Site du Patrimoine Mondial (naturel ou mixte),World Heritage Site (natural or mixed),International,Not Applicable,(ix);(x),Terrestrial,0,0,5260,5808.39984986683,Not Applicable,0,Inscribed,1987,Federal or national ministry or agency,Not Applicable,State,Not Applicable,Not Reported,Not Reported,State Verified,946,CMR,CMR,Not Applicable,Not Applicable,Not Reported,Not Applicable
Polygon,555705593,555705593,PA,Dered Krian National Park,Dered Krian National Park,National Park,National Park,National,II,Not Applicable,Terrestrial,0,0,9.3613800049,9.36237353191827,Not Applicable,0,Designated,2013,Sub-national ministry or agency,Not Applicable,Not Reported,Not Applicable,Sarawak Forestry Corporation (SFC),Not Reported,State Verified,1998,MYS,MYS,Not Applicable,Not Applicable,Not Reported,Not Applicable
Polygon,555545963,555545963,PA,El Cachucho,El Cachucho,Área Marina Protegida,Marine Protected Area,National,VI,Not Applicable,Marine,2616.64453125,2617.24196938824,2616.64453125,2617.22985207468,Not Reported,0,Designated,2011,Federal or national ministry or agency,Not Applicable,Not Reported,Not Applicable,"Ministerio de Agricultura y Pesca, Alimentación y Medio Ambiente",Not Reported,State Verified,2013,ESP,ESP,Not Applicable,Not Applicable,Not Applicable,Not Applicable
Polygon,306808,306808,PA,Isla San Pedro Mártir,Isla San Pedro Mártir,Reserva de la Biósfera,Biosphere Reserve,National,Ia,Not Applicable,Marine,11.03859,299.031932264546,301.65237616,301.771063270863,Not Reported,0,Designated,2002,Federal or national ministry or agency,Not Applicable,State,Not Applicable,National Commission of Natural Protected Areas,http://www.conanp.gob.mx/que_hacemos/pdf/programas_manejo/FinaI_islaSanPedro.pdf,State Verified,1850,MEX,MEX,Not Applicable,Not Applicable,Not Applicable,Not Applicable
Polygon,902487,902487,PA,Wadi Al-Hitan (Whale Valley),Wadi Al-Hitan (La vallée des Baleines),World Heritage Site (natural or mixed),World Heritage Site (natural or mixed),International,Not Applicable,(viii),Terrestrial,0,0,200.15,192.062062307364,Not Applicable,0,Inscribed,2005,Not Reported,Not Applicable,Not Reported,Not Applicable,Not Reported,Not Reported,State Verified,946,EGY,EGY,Not Applicable,Not Applicable,Not Reported,Not Applicable
Polygon,555622044,555622044,PA,The Ahwar of Southern Iraq: Refuge of Biodiversity and the Relict Landscape of the Mesopotamian Cities,Les Ahwar du sud de l’Iraq : refuge de biodiversité et paysage relique des villes mésopotamiennes,World Heritage Site (natural or mixed),World Heritage Site (natural or mixed),International,Not Applicable,(iii);(ix);(v);(x),Terrestrial,0,0,2115.44,2113.52587934238,Not Applicable,0,Inscribed,2016,Not Reported,Not Applicable,Not Reported,Not Applicable,Not Reported,Not Reported,State Verified,946,IRQ,IRQ,Not Applicable,Not Applicable,Not Reported,Not Applicable
Polygon,478276,478276,PA,Can Gio Mangrove,Cần Giờ,UNESCO-MAB Biosphere Reserve,UNESCO-MAB Biosphere Reserve,International,Not Applicable,Not Applicable,Coastal,0,237.326812132256,713.7,769.918154790678,Not Reported,0,Designated,2000,Not Reported,Not Applicable,Not Reported,Not Applicable,Not Reported,Not Reported,Not Reported,831,VNM,VNM,Not Applicable,Not Applicable,Not Reported,Not Applicable
Polygon,442,442,PA,Mount Aberdeen,Mount Aberdeen,National Park,National Park,National,II,Not Applicable,Terrestrial,0,0,29.4322223663,29.4321719490117,Not Applicable,0,Designated,2010,Sub-national ministry or agency,Not Applicable,Not Reported,Not Applicable,AU-QLD_DES,Not Reported,State Verified,1804,AUS,AUS,Not Applicable,Not Applicable,Not Reported,Not Applicable
Polygon,392891,392891,PA,"Ethniko Parko Limnis Kerkinis - Perioches Prostasias tis Fysis P1, P2, P3, P4 Ethnikou Parkou Limnis kerkinis","Ethniko Parko Limnis Kerkinis - Perioches Prostasias tis Fysis P1, P2, P3, P4 Ethnikou Parkou Limnis kerkinis",Periochi prostasias tis fysis se ethniko parko,Nature reserve zone in National Park,National,IV,Not Applicable,Terrestrial,0,0,86.2814648438,86.3392111828826,Not Applicable,0,Designated,2007,Federal or national ministry or agency,Not Applicable,Not Reported,Not Applicable,"Ministry of Environment, Energy and Climate Change - Directorate General for the Environment",Not Reported,State Verified,2013,GRC,GRC,Not Applicable,Not Applicable,Not Reported,Not Applicable
Polygon,55558344,55558344,PA,October Mountain,October Mountain,State Forest,State Forest,National,VI,Not Applicable,Terrestrial,0,0,16.054897965,16.0549088990013,Not Applicable,0,Designated,0,Sub-national ministry or agency,Not Applicable,State,Not Applicable,State Park and Recreation,Not Reported,State Verified,1848,USA,USA,Not Applicable,Not Applicable,Not Reported,Not Applicable
Polygon,555544143,555544143,PA,Parininihi,Parininihi,Marine Reserve,Marine Reserve,National,Ia,Not Applicable,Marine,18.459283,18.2909643746812,18.4592838729,18.4682144131292,All ,18.459283,Designated,2006,Federal or national ministry or agency,Not Applicable,Not Reported,Not Applicable,Department of Conservation,Not Reported,State Verified,1773,NZL,NZL,Not Applicable,Not Applicable,Not Applicable,Not Applicable
Polygon,357026,357026,PA,Point Nepean,Point Nepean,National Park,National Park,National,II,Not Applicable,Terrestrial,0,0.434346421607795,5.3987469673,5.39874730336194,Not Applicable,0,Designated,2005,Sub-national ministry or agency,Not Applicable,Not Reported,Not Applicable,AU-VIC_DEECA,Not Reported,State Verified,1804,AUS,AUS,Not Applicable,Not Applicable,Not Reported,Not Applicable
Polygon,4326,4326,PA,Durmitor National Park,Parc national de Durmitor,World Heritage Site (natural or mixed),World Heritage Site (natural or mixed),International,Not Applicable,(vii);(viii);(x),Terrestrial,0,0,321,360.000221402125,Not Applicable,0,Inscribed,1980,Not Reported,Not Applicable,Not Reported,Not Applicable,Not Reported,Not Reported,State Verified,946,MNE,MNE,Not Applicable,Not Applicable,Not Reported,Not Applicable
Polygon,10747,10747,PA,Huascarán National Park,Parc national de Huascarán,World Heritage Site (natural or mixed),World Heritage Site (natural or mixed),International,Not Applicable,(vii);(viii),Terrestrial,0,0,3400,3396.83920785558,Not Applicable,0,Inscribed,1985,Not Reported,Not Applicable,Not Reported,Not Applicable,Not Reported,Not Reported,State Verified,946,PER,PER,Not Applicable,Not Applicable,Not Reported,Not Applicable
Polygon,555784005,555784005,PA,"Getbol, Korean Tidal Flats","Getbol, Korean Tidal Flats",World Heritage Site (natural or mixed),World Heritage Site (natural or mixed),International,Not Applicable,(x),Coastal,0,1032.16913212864,1284.11,1276.96247614024,Not Reported,0,Inscribed,2021,Not Reported,Not Applicable,Not Reported,Not Applicable,Not Reported,Not Reported,State Verified,946,KOR,KOR,Not Applicable,Not Applicable,Not Reported,Not Applicable
Polygon,555622042,555622042,PA,Hubei Shennongjia,Shennongjia au Hubei,World Heritage Site (natural or mixed),World Heritage Site (natural or mixed),International,Not Applicable,(ix);(x),Terrestrial,0,0,796.24,732.813990482715,Not Applicable,0,Inscribed,2016,Not Reported,Not Applicable,Not Reported,Not Applicable,Not Reported,Not Reported,State Verified,946,CHN,CHN,Not Applicable,Not Applicable,Not Reported,Not Applicable
Polygon,35897,35897,PA,Conscience Point National Wildlife Refuge,Conscience Point National Wildlife Refuge,Marine Protected Area,Marine Protected Area,National,Ia,Not Applicable,Terrestrial,0,0,0.2484189949,0.248418659988123,All ,0,Designated,1971,Federal or national ministry or agency,Not Applicable,State,Not Applicable,U.S. Fish and Wildlife Service,Site-Specific Management Plan,State Verified,1848,USA,USA,Not Applicable,Not Applicable,Not Reported,Not Applicable
Polygon,755,755,PA,Meru,Meru,National Park,National Park,National,II,Not Applicable,Terrestrial,0,0,870,871.325658314517,Not Applicable,0,Designated,1966,Federal or national ministry or agency,Not Applicable,State,Not Applicable,Kenya Wildlife Service,Not Reported,State Verified,933,KEN,KEN,Not Applicable,Not Applicable,Not Reported,Not Applicable
Polygon,555547355,555547355,PA,Lovers Point State Marine Reserve,Lovers Point State Marine Reserve,Marine Protected Area,Marine Protected Area,National,Ia,Not Applicable,Marine,0,0.711443160171045,0.7648995778,0.76489928501428,All ,0,Designated,2007,Sub-national ministry or agency,Not Applicable,State,Not Applicable,State Fish and Wildlife,MPA Programmatic Management Plan,State Verified,1848,USA,USA,Not Applicable,Not Applicable,Not Applicable,Not Applicable
Polygon,9782,9782,PA,Ras Mohammed,محمية رأس محمد,متنزه وطني,National Park,National,II,Not Applicable,Coastal,337,589.132412044953,850,785.50245472955,Not Reported,0,Designated,1983,Federal or national ministry or agency,Not Applicable,Not Reported,Not Applicable,Egyptian Environmental Affairs Agency (EEAA),Not Reported,State Verified,1814,EGY,EGY,Not Applicable,Not Applicable,Not Reported,Not Applicable
Polygon,606,606,PA,Bouba Ndjida,Bouba Ndjida,Parc National,National Park,National,II,Not Applicable,Terrestrial,0,0,2200,2115.47176412852,Not Applicable,0,Designated,1968,Federal or national ministry or agency,Not Applicable,State,Not Applicable,State,Available 2010,State Verified,1957,CMR,CMR,Not Applicable,Not Applicable,Not Reported,Not Applicable
Polygon,4322,4322,PA,Ichkeul National Park,Parc national de l'Ichkeul,World Heritage Site (natural or mixed),World Heritage Site (natural or mixed),International,Not Applicable,(x),Terrestrial,0,0,126,124.196787922554,Not Applicable,0,Inscribed,1980,Not Reported,Not Applicable,Not Reported,Not Applicable,Not Reported,Not Reported,State Verified,946,TUN,TUN,Not Applicable,Not Applicable,Not Reported,Not Applicable
Polygon,2004,2004,PA,Dinosaur Provincial Park,Parc provincial Dinosaur,World Heritage Site (natural or mixed),World Heritage Site (natural or mixed),International,Not Applicable,(vii);(viii),Terrestrial,0,0,78.25,83.9424807211215,Not Applicable,0,Inscribed,1979,Not Reported,Not Applicable,Not Reported,Not Applicable,Not Reported,Not Reported,State Verified,946,CAN,CAN,Not Applicable,Not Applicable,Not Reported,Not Applicable
Polygon,20062,20062,PA,Sian Ka'an,Sian Ka'an,World Heritage Site (natural or mixed),World Heritage Site (natural or mixed),International,Not Applicable,(vii);(x),Coastal,1531.358,1575.69838282388,5280,5282.98672074833,Not Reported,0,Inscribed,1987,Federal or national ministry or agency,Not Applicable,Not Reported,Not Applicable,Ministry of the Environment and Natural Resources through the National Commission of Natural Protected Areas,Not Reported,State Verified,946,MEX,MEX,Not Applicable,Not Applicable,Not Reported,Not Applicable
Point,67735,67735,PA,Mata Atlântica (including Sao Paulo Green Belt),Mata Atlântica (including Sao Paulo Green Belt),UNESCO-MAB Biosphere Reserve,UNESCO-MAB Biosphere Reserve,International,Not Applicable,Not Applicable,Terrestrial,0,,294734.84,,Not Applicable,0,Designated,1993,Not Reported,Not Applicable,Not Reported,Not Applicable,Not Reported,Not Reported,State Verified,988,BRA,BRA,Not Applicable,Not Applicable,Not Reported,Not Applicable
Polygon,10907,10907,PA,"Mana Pools National Park, Sapi and Chewore Safari Areas","Parc national de Mana Pools, aires de safari Sapi et Chewore",World Heritage Site (natural or mixed),World Heritage Site (natural or mixed),International,Not Applicable,(ix);(vii);(x),Terrestrial,0,0,6766,6715.5235449907,Not Applicable,0,Inscribed,1984,Not Reported,Not Applicable,Not Reported,Not Applicable,Not Reported,Not Reported,State Verified,946,ZWE,ZWE,Not Applicable,Not Applicable,Not Reported,Not Applicable
Polygon,328991,328991,PA,"Zones Ia, Ib kai Ic Ethnikou Parkou Pindou","Zones Ia, Ib kai Ic Ethnikou Parkou Pindou",Periochi prostasias tis fysis se ethniko parko,Nature reserve zone in National Park,National,II,Not Applicable,Terrestrial,0,0,138.6484179688,138.518459382029,Not Applicable,0,Designated,2005,Federal or national ministry or agency,Not Applicable,Not Reported,Not Applicable,"Ministry of Environment, Energy and Climate Change - Directorate General for the Environment",Not Reported,State Verified,2013,GRC,GRC,Not Applicable,Not Applicable,Not Reported,Not Applicable
Polygon,555577560,555577560,PA,"Ancient Maya City and Protected Tropical Forests of Calakmul, Campeche","Antigua Ciudad Maya de Calakmul, Campeche",World Heritage Site (natural or mixed),World Heritage Site (natural or mixed),International,Not Applicable,(i);(ii);(iii);(iv);(ix);(x),Terrestrial,0,0,3313.97,3277.3860760604,Not Applicable,0,Inscribed,2002,Federal or national ministry or agency,Not Applicable,Not Reported,Not Applicable,Ministry of the Environment and Natural Resources through the National Commission of Natural Protected Areas jointly with the National Institute of Anthropology and History of the National Commission for Culture and Arts (CONACULTA),Not Reported,State Verified,946,MEX,MEX,Not Applicable,Not Applicable,Not Reported,Not Applicable
Polygon,555622043,555622043,PA,Khangchendzonga National Park,Parc national de Khangchendzonga,World Heritage Site (natural or mixed),World Heritage Site (natural or mixed),International,Not Applicable,(iii);(vi);(vii);(x),Terrestrial,0,0,1784,1738.98456585027,Not Applicable,0,Inscribed,2016,Not Reported,Not Applicable,Not Reported,Not Applicable,Not Reported,Not Reported,State Verified,946,IND,IND,Not Applicable,Not Applicable,Not Reported,Not Applicable
Polygon,5001,5001,PA,Lord Howe Island Group,Îles Lord Howe,World Heritage Site (natural or mixed),World Heritage Site (natural or mixed),International,Not Applicable,(vii);(x),Marine,0,1444.24280389994,1463,1461.06917721604,Not Reported,0,Inscribed,1982,Not Reported,Not Applicable,Not Reported,Not Applicable,Not Reported,Not Reported,State Verified,946,AUS,AUS,Not Applicable,Not Applicable,Not Applicable,Not Applicable
Polygon,902489,902489,PA,West Norwegian Fjords – Geirangerfjord and Nærøyfjord,Fjords de l’Ouest de la Norvège – Geirangerfjord et Nærøyfjord,World Heritage Site (natural or mixed),World Heritage Site (natural or mixed),International,Not Applicable,(vii);(viii),Coastal,0,145.435961175607,1227.12,1230.84485959759,Not Reported,0,Inscribed,2005,Not Reported,Not Applicable,Not Reported,Not Applicable,Not Reported,Not Reported,State Verified,946,NOR,NOR,Not Applicable,Not Applicable,Not Reported,Not Applicable
Point,555547577,555547577,PA,Lake Vänern Archipielago,Lake Vänern Archipielago,UNESCO-MAB Biosphere Reserve,UNESCO-MAB Biosphere Reserve,International,Not Applicable,Not Applicable,Terrestrial,0,,162.81,,Not Applicable,0,Designated,2010,Not Reported,Not Applicable,Not Reported,Not Applicable,Not Reported,Not Reported,State Verified,1688,SWE,SWE,Not Applicable,Not Applicable,Not Reported,Not Applicable
Polygon,555547987,555547987,PA,Lakes of Ounianga,Lacs d'Ounianga,Site du Patrimoine Mondial (naturel ou mixte),World Heritage Site (natural or mixed),International,Not Applicable,(vii),Terrestrial,0,0,628.08,628.910123181538,Not Applicable,0,Inscribed,2012,Not Reported,Not Applicable,Not Reported,Not Applicable,Not Reported,Not Reported,State Verified,946,TCD,TCD,Not Applicable,Not Applicable,Not Reported,Not Applicable
Polygon,555784006,555784006,PA,Hyrcanian Forests,Hyrcanian Forests,World Heritage Site (natural or mixed),World Heritage Site (natural or mixed),International,Not Applicable,(ix),Terrestrial,0,0,1450.0474,1452.4062453254,Not Applicable,0,Inscribed,2019,Not Reported,Not Applicable,Not Reported,Not Applicable,Not Reported,Not Reported,State Verified,946,AZE;IRN,AZE;IRN,Not Applicable,Not Applicable,Not Reported,Not Applicable
Point,220260,220260,PA,Huanglong,Huanglong,UNESCO-MAB Biosphere Reserve,UNESCO-MAB Biosphere Reserve,International,Not Applicable,Not Applicable,Terrestrial,0,,1380,,Not Applicable,0,Designated,2000,Not Reported,Not Applicable,Not Reported,Not Applicable,Not Reported,Not Reported,State Verified,988,CHN,CHN,Not Applicable,Not Applicable,Not Reported,Not Applicable
Polygon,555622040,555622040,PA,Western Tien-shan,Tien Shan occidental,World Heritage Site (natural or mixed),World Heritage Site (natural or mixed),International,Not Applicable,(x),Terrestrial,0,0,5281.776,3402.47797883488,Not Applicable,0,Inscribed,2016,Not Reported,Not Applicable,Not Reported,Not Applicable,Not Reported,Not Reported,State Verified,946,KAZ;KGZ;UZB,KAZ;KGZ;UZB,Not Applicable,Not Applicable,Not Reported,Not Applicable
Polygon,478637,478637,PA,Göreme National Park and the Rock Sites of Cappadocia,Parc national de Göreme et sites rupestres de Cappadoce,World Heritage Site (natural or mixed),World Heritage Site (natural or mixed),International,Not Applicable,(i);(iii);(v);(vii),Terrestrial,0,0,98.8381,91.9043665218661,Not Applicable,0,Inscribed,1985,Not Reported,Not Applicable,Not Reported,Not Applicable,Not Reported,Not Reported,State Verified,946,TUR,TUR,Not Applicable,Not Applicable,Not Reported,Not Applicable
Polygon,900628,900628,PA,Alejandro de Humboldt National Park,Parc national Alejandro de Humboldt,World Heritage Site (natural or mixed),World Heritage Site (natural or mixed),International,Not Applicable,(ix);(x),Terrestrial,0,22.2667510578336,711.4,691.01218052488,Not Applicable,0,Inscribed,2001,Not Reported,Not Applicable,Not Reported,Not Applicable,Not Reported,Not Reported,State Verified,946,CUB,CUB,Not Applicable,Not Applicable,Not Reported,Not Applicable
Polygon,902480,902480,PA,Dong Phayayen-Khao Yai Forest Complex,Complexe forestier de Dong Phayayen-Khao Yai,World Heritage Site (natural or mixed),World Heritage Site (natural or mixed),International,Not Applicable,(x),Terrestrial,0,0,6155,6181.97593145889,Not Applicable,0,Inscribed,2005,Not Reported,Not Applicable,Not Reported,Not Applicable,Not Reported,Not Reported,State Verified,946,THA,THA,Not Applicable,Not Applicable,Not Reported,Not Applicable
Polygon,555703204,555703204,PA,Migratory Bird Sanctuaries along the Coast of Yellow Sea-Bohai Gulf of China,Migratory Bird Sanctuaries along the Coast of Yellow Sea-Bohai Gulf of China,World Heritage Site (natural or mixed),World Heritage Site (natural or mixed),International,Not Applicable,(x),Coastal,0,2139.01577566865,2897.1094,2591.46577199683,Not Reported,0,Inscribed,2019,Not Reported,Not Applicable,Not Reported,Not Applicable,Not Reported,Not Reported,State Verified,946,CHN,CHN,Not Applicable,Not Applicable,Not Reported,Not Applicable
Polygon,555569934,555569934,PA,Lantang - Buffer Zone,लामटाङ्ग मध्यवर्ती क्षेत्र,मध्यवर्ती क्षेत्र,National Park - Buffer Zone,National,VI,Not Applicable,Terrestrial,0,0,420,467.667774964002,Not Applicable,0,Designated,1998,Federal or national ministry or agency,Not Applicable,Not Reported,Not Applicable,Department of National Parks and Wildlife Conservation (DNPWC),Not Reported,State Verified,1778,NPL,NPL,Not Applicable,Not Applicable,Not Reported,Not Applicable
Polygon,555744966,555744966_9,PA,Moheli - Zone de transition,Moheli - Zone de transition,Reserve de Biosphère,UNESCO-MAB Biosphere Reserve,International,Not Applicable,Not Applicable,Coastal,6.1099137502,17.9811775739024,52.20470047,52.2208474024885,All ,6.1099137502,Designated,2021,Collaborative governance,Not Reported,State,Not Applicable,National commitee,Not Reported,State Verified,1801,COM,COM,Not Applicable,Not Applicable,Not Reported,Not Applicable
Polygon,555545585,555545585,PA,Redhill Common,Redhill Common,Local Nature Reserve,Local Nature Reserve,National,IV,Not Applicable,Terrestrial,0,0,0.0712553534,0.071308909126367,Not Applicable,0,Designated,2006,Sub-national ministry or agency,Not Applicable,Not Reported,Not Applicable,Not Reported,Not Reported,State Verified,2113,GBR,GBR,Not Applicable,Not Applicable,Not Reported,Not Applicable
Polygon,903141,903141,PA,Ancient and Primeval Beech Forests of the Carpathians and Other Regions of Europe,Forêts primaires de hêtres des Carpates et d’autres régions d’Europe,World Heritage Site (natural or mixed),World Heritage Site (natural or mixed),International,Not Applicable,(ix),Terrestrial,0,0.058209824878222,981.2496,924.406543999202,Not Applicable,0,Inscribed,2007,Not Reported,Not Applicable,Not Reported,Not Applicable,Not Reported,Not Reported,State Verified,946,ALB;AUT;BEL;BGR;DEU;ESP;HRV;ITA;ROU;SVK;SVN;UKR,ALB;AUT;BEL;BGR;DEU;ESP;HRV;ITA;ROU;SVK;SVN;UKR,Not Applicable,Not Applicable,Not Reported,Not Applicable
Polygon,93295,93295,PA,Waterton Glacier International Peace Park,Parc international de la paix Waterton-Glacier,World Heritage Site (natural or mixed),World Heritage Site (natural or mixed),International,Not Applicable,(ix);(vii),Terrestrial,0,0,4576.14,4579.70181329243,Not Applicable,0,Inscribed,1995,Not Reported,Not Applicable,Not Reported,Not Applicable,Not Reported,Not Reported,State Verified,946,CAN;USA,CAN;USA,Not Applicable,Not Applicable,Not Reported,Not Applicable
Point,2091,2091,PA,Lal Suhanra,Lal Suhanra,UNESCO-MAB Biosphere Reserve,UNESCO-MAB Biosphere Reserve,International,Not Applicable,Not Applicable,Terrestrial,0,,657.889026,,Not Applicable,0,Designated,2023,Sub-national ministry or agency,Not Applicable,State,Not Applicable,Sub-national (Provincial Wildlife Department),Not Reported,State Verified,988,PAK,PAK,Not Applicable,Not Applicable,Not Reported,Not Applicable
Polygon,12209,12209,PA,Škocjan Caves,Grottes de Škocjan,World Heritage Site (natural or mixed),World Heritage Site (natural or mixed),International,Not Applicable,(vii);(viii),Terrestrial,0,0,4.13,4.01115066450867,Not Applicable,0,Inscribed,1986,Not Reported,Not Applicable,Not Reported,Not Applicable,Not Reported,Not Reported,State Verified,946,SVN,SVN,Not Applicable,Not Applicable,Not Reported,Not Applicable
Polygon,900633,900633,PA,Swiss Alps Jungfrau-Aletsch,Alpes suisses Jungfrau-Aletsch,World Heritage Site (natural or mixed),World Heritage Site (natural or mixed),International,Not Applicable,(ix);(vii);(viii),Terrestrial,0,0,824,825.987992763483,Not Applicable,0,Inscribed,2001,Not Reported,Not Applicable,Not Reported,Not Applicable,Not Reported,Not Reported,State Verified,946,CHE,CHE,Not Applicable,Not Applicable,Not Reported,Not Applicable
Polygon,900010,900010,PA,Uluru-Kata Tjuta National Park,Parc national d'Uluru-Kata Tjuta,World Heritage Site (natural or mixed),World Heritage Site (natural or mixed),International,Not Applicable,(v);(vi);(vii);(viii),Terrestrial,0,0,1325.66,1328.41300277468,Not Applicable,0,Inscribed,1987,Not Reported,Not Applicable,Not Reported,Not Applicable,Not Reported,Not Reported,State Verified,946,AUS,AUS,Not Applicable,Not Applicable,Not Reported,Not Applicable
Polygon,555632012,555632012,PA,VEP nr.E01389,VEP nr.E01389,Võtmebiotoop ehk vääriselupaik,Woodland key habitat,National,Not Assigned,Not Applicable,Terrestrial,0,0,0.0517000008,0.051676412928028,Not Applicable,0,Designated,2001,Federal or national ministry or agency,Not Applicable,Not Reported,Not Applicable,"Ministry of Environment, Narva mnt 7a, Tallinn, Estonia",Not Reported,State Verified,2013,EST,EST,Not Applicable,Not Applicable,Not Reported,Not Applicable
Polygon,4376,4376,PA,Slovenský kras,Slovenský kras,Národný park; tretí stupeň ochrany,National Park; third level of protection,National,V,Not Applicable,Terrestrial,0,0,355.135625,355.135608927913,Not Applicable,0,Designated,2002,Federal or national ministry or agency,Not Applicable,Not Reported,Not Applicable,"State Nature Conservancy of the Slovak Republic, Tajovskeho 28B, 974 01 Banska Bystrica",Not Reported,State Verified,2013,SVK,SVK,Not Applicable,Not Applicable,Not Reported,Not Applicable
Point,555547579,555547579,PA,Bras d'Or,Bras d'Or,UNESCO-MAB Biosphere Reserve,UNESCO-MAB Biosphere Reserve,International,Not Applicable,Not Applicable,Marine,0,,771.2,,Not Reported,0,Designated,2011,Not Reported,Not Applicable,Not Reported,Not Applicable,Not Reported,Not Reported,State Verified,1688,CAN,CAN,Not Applicable,Not Applicable,Not Applicable,Not Applicable
Polygon,5555746,5555746,PA,Edwin B. Forsythe National Wildlife Refuge,Edwin B. Forsythe National Wildlife Refuge,Marine Protected Area,Marine Protected Area,National,IV,Not Applicable,Terrestrial,0,6.53352931384708,175.5978342705,175.597810723702,Part,0,Designated,1939,Federal or national ministry or agency,Not Applicable,State,Not Applicable,U.S. Fish and Wildlife Service ; City Land ; County Land ; Non-Governmental Organization ; Private,Site-Specific Management Plan,State Verified,1848,USA,USA,Not Applicable,Not Applicable,Not Reported,Not Applicable
Polygon,198293,198293,PA,Atlantic Forest South-East Reserves,Forêt atlantique – Réserves du sud-est,World Heritage Site (natural or mixed),World Heritage Site (natural or mixed),International,Not Applicable,(ix);(vii);(x),Terrestrial,0,69.2853631499425,4681.93,4412.57983682955,Not Applicable,0,Inscribed,1999,Not Reported,Not Applicable,Not Reported,Not Applicable,Not Reported,Not Reported,State Verified,946,BRA,BRA,Not Applicable,Not Applicable,Not Reported,Not Applicable
Polygon,198301,198301,PA,Western Caucasus,Western Caucasus,World Heritage Site (natural or mixed),World Heritage Site (natural or mixed),International,Not Applicable,(ix);(x),Terrestrial,0,0,2989.03,2877.0611198002,Not Applicable,0,Inscribed,1999,Not Reported,Not Applicable,Not Reported,Not Applicable,Not Reported,Not Reported,State Verified,946,RUS,RUS,Not Applicable,Not Applicable,Not Reported,Not Applicable
Polygon,555643714,555643714,PA,Sant d'Eau,Sant d'Eau,Parc National,National Park,National,III,Not Applicable,Terrestrial,0,0,6.48,6.47220190855843,Not Applicable,0,Designated,2017,Federal or national ministry or agency,Not Applicable,State,Not Applicable,Not Reported,Not Reported,State Verified,1640,HTI,HTI,Not Applicable,Not Applicable,Not Reported,Not Applicable
Polygon,902373,902373,PA,Ilulissat Icefjord,Ilulissat Icefjord,World Heritage Site (natural or mixed),World Heritage Site (natural or mixed),International,Not Applicable,(vii);(viii),Terrestrial,0,396.609954002285,3998,4027.0666723893,Not Applicable,0,Inscribed,2004,Not Reported,Not Applicable,Not Reported,Not Applicable,Not Reported,Not Reported,State Verified,946,DNK,GRL,Not Applicable,Not Applicable,Not Reported,Not Applicable
Polygon,23883,23883,PA,Crows Nest,Crows Nest,National Park,National Park,National,II,Not Applicable,Terrestrial,0,0,17.9618587494,17.9618594282193,Not Applicable,0,Designated,2006,Sub-national ministry or agency,Not Applicable,Not Reported,Not Applicable,AU-QLD_DES,Not Reported,State Verified,1804,AUS,AUS,Not Applicable,Not Applicable,Not Reported,Not Applicable
Polygon,186582,186582,PA,VEP nr.122001,VEP nr.122001,Võtmebiotoop ehk vääriselupaik,Woodland key habitat,National,Not Assigned,Not Applicable,Terrestrial,0,0,0.0108000004,0.0107610787782632,Not Applicable,0,Designated,2003,Federal or national ministry or agency,Not Applicable,Not Reported,Not Applicable,"Ministry of Environment, Narva mnt 7a, Tallinn, Estonia",Not Reported,State Verified,2013,EST,EST,Not Applicable,Not Applicable,Not Reported,Not Applicable
Polygon,10744,10744,PA,Kaziranga National Park,Parc national de Kaziranga,World Heritage Site (natural or mixed),World Heritage Site (natural or mixed),International,Not Applicable,(ix);(x),Terrestrial,0,0,429.96,432.200265618519,Not Applicable,0,Inscribed,1985,Not Reported,Not Applicable,Not Reported,Not Applicable,Not Reported,Not Reported,State Verified,946,IND,IND,Not Applicable,Not Applicable,Not Reported,Not Applicable
Polygon,198302,198302,PA,iSimangaliso Wetland Park – Maputo National Park,iSimangaliso Wetland Park – Maputo National Park,World Heritage Site (natural or mixed),World Heritage Site (natural or mixed),International,Not Applicable,(ix);(vii);(x),Coastal,0,1508.07826561606,3974.71,3977.09990036693,Not Reported,0,Inscribed,1999,Federal or national ministry or agency,Not Applicable,State,Not Applicable,iSimangaliso Wetland Park Authority,Not Reported,State Verified,946,MOZ;ZAF,MOZ;ZAF,Not Applicable,Not Applicable,Not Reported,Not Applicable
Polygon,2010,2010,PA,Ngorongoro Conservation Area,Zone de conservation de Ngorongoro,World Heritage Site (natural or mixed),World Heritage Site (natural or mixed),International,Not Applicable,(iv);(ix);(vii);(viii);(x),Terrestrial,0,0,8094.4,8271.34154706358,Not Applicable,0,Inscribed,1979,Not Reported,Not Applicable,Not Reported,Not Applicable,Not Reported,Not Reported,State Verified,946,TZA,TZA,Not Applicable,Not Applicable,Not Reported,Not Applicable
Polygon,198294,198294,PA,Miguasha National Park,Parc national de Miguasha,World Heritage Site (natural or mixed),World Heritage Site (natural or mixed),International,Not Applicable,(viii),Coastal,0,0.23309313985528,0.873,0.72622479697598,Not Reported,0,Inscribed,1999,Not Reported,Not Applicable,Not Reported,Not Applicable,Not Reported,Not Reported,State Verified,946,CAN,CAN,Not Applicable,Not Applicable,Not Reported,Not Applicable
Polygon,555542336,555542336,PA,Ogasawara Islands,小笠原,World Heritage Site (natural or mixed),World Heritage Site (natural or mixed),International,Not Applicable,(ix),Coastal,15.81,17.3687357625087,79.39,79.423518061047,Not Reported,0,Inscribed,2011,Not Reported,Not Applicable,Individual landowners,Not Applicable,Ministry of the Environment,Not Reported,State Verified,946,JPN,JPN,Not Applicable,Not Applicable,Not Reported,Not Applicable
Polygon,903138,903138,PA,Socotra Archipelago,Archipel de Socotra,World Heritage Site (natural or mixed),World Heritage Site (natural or mixed),International,Not Applicable,(x),Coastal,0,1392.36320813132,4104.6,4227.82618393334,Not Reported,0,Inscribed,2008,Not Reported,Not Applicable,Not Reported,Not Applicable,Not Reported,Not Reported,State Verified,946,YEM,YEM,Not Applicable,Not Applicable,Not Reported,Not Applicable
Point,900660,900660,PA,West Polesie,West Polesie,UNESCO-MAB Biosphere Reserve,UNESCO-MAB Biosphere Reserve,International,Not Applicable,Not Applicable,Terrestrial,0,,1399.17,,Not Applicable,0,Designated,2002,Not Reported,Not Applicable,Not Reported,Not Applicable,Not Reported,Not Reported,State Verified,988,POL,POL,Not Applicable,Not Applicable,Not Reported,Not Applicable
Polygon,9614,9614,PA,Sangay National Park,Parc national Sangay,World Heritage Site (natural or mixed),World Heritage Site (natural or mixed),International,Not Applicable,(ix);(vii);(viii);(x),Terrestrial,0,0,2719.25,2509.80469067283,Not Applicable,0,Inscribed,1983,Not Reported,Not Applicable,Not Reported,Not Applicable,Not Reported,Not Reported,State Verified,946,ECU,ECU,Not Applicable,Not Applicable,Not Reported,Not Applicable
Polygon,172783,172783,PA,Liepniekvalka alas (Peldangas labirints),Liepniekvalka alas (Peldangas labirints),Dabas piemineklis,Nature Monument,National,III,Not Applicable,Terrestrial,0,0,0.0583263016,0.058358370266341,Not Applicable,0,Designated,2001,Federal or national ministry or agency,Not Applicable,Not Reported,Not Applicable,"MEPRD. Ministry of Environmental Protection and Regional Development. Peldu iela 25, Riga, LV-1494, Latvia",Not Reported,State Verified,2013,LVA,LVA,Not Applicable,Not Applicable,Not Reported,Not Applicable
Polygon,555557115,555557115,PA,Outer Thames Estuary,Outer Thames Estuary,Marine Protected Area (OSPAR),Marine Protected Area (OSPAR),Regional,Not Reported,Not Applicable,Marine,0,3793.6310197906,0,3794.34714859176,Not Reported,0,Designated,2011,Collaborative governance,Not Reported,Not Reported,Not Applicable,OSPAR Commission,http://mpa.ospar.org/home_ospar/mpa_datasheets,State Verified,883,GBR,GBR,Not Applicable,Not Applicable,Not Applicable,Not Applicable
Polygon,2013,2013,PA,Yellowstone National Park,Parc national de Yellowstone,World Heritage Site (natural or mixed),World Heritage Site (natural or mixed),International,Not Applicable,(ix);(vii);(viii);(x),Terrestrial,0,0,8983.49,8904.69235035892,Not Applicable,0,Inscribed,1978,Not Reported,Not Applicable,Not Reported,Not Applicable,Not Reported,Not Reported,State Verified,946,USA,USA,Not Applicable,Not Applicable,Not Reported,Not Applicable
Polygon,93767,93767,PA,Gough and Inaccessible Islands,Îles de Gough et Inaccessible,World Heritage Site (natural or mixed),World Heritage Site (natural or mixed),International,Not Applicable,(vii);(x),Marine,0,3912.42854552296,79,3991.40806085118,Not Reported,0,Inscribed,1995,Not Reported,Not Applicable,Not Reported,Not Applicable,Not Reported,Not Reported,State Verified,946,GBR,SHN,Not Applicable,Not Applicable,Not Applicable,Not Applicable
Polygon,5555963,5555963,PA,North Pond State Nature Preserve,North Pond State Nature Preserve,Marine Protected Area,Marine Protected Area,National,Ia,Not Applicable,Terrestrial,0,0,0.1747124627,0.174712564991126,All ,0,Designated,1999,Sub-national ministry or agency,Not Applicable,State,Not Applicable,State Department of Natural Resources,Site-Specific Management Plan,State Verified,1848,USA,USA,Not Applicable,Not Applicable,Not Reported,Not Applicable
Polygon,67725,67725,PA,Komodo National Park,Parc national de Komodo,World Heritage Site (natural or mixed),World Heritage Site (natural or mixed),International,Not Applicable,(vii);(x),Coastal,1301.77,1193.33137562018,2193.22,1774.41883499284,Not Reported,0,Inscribed,1991,Not Reported,Not Applicable,Not Reported,Not Applicable,Not Reported,Not Reported,State Verified,946,IDN,IDN,Not Applicable,Not Applicable,Not Reported,Not Applicable
Polygon,555698339,555698339,PA,Pećina Ledenjača,Pećina Ledenjača,Spomenik prirode III (RS zakon),Nature Monument (RS law),National,III,Not Applicable,Terrestrial,0,0,0.074000001,0.0739458547013248,Not Applicable,0,Designated,2015,Federal or national ministry or agency,Not Applicable,Not Reported,Not Applicable,"Ministry of Physical Planning, Civil Engineering and Ecology",Not Reported,State Verified,2013,BIH,BIH,Not Applicable,Not Applicable,Not Reported,Not Applicable
Polygon,2579,2579,PA,Olympic National Park,Parc national Olympique,World Heritage Site (natural or mixed),World Heritage Site (natural or mixed),International,Not Applicable,(ix);(vii),Terrestrial,0,8.38502130995491,3696.598,3687.37197943738,Not Applicable,0,Inscribed,1981,Not Reported,Not Applicable,Not Reported,Not Applicable,Not Reported,Not Reported,State Verified,946,USA,USA,Not Applicable,Not Applicable,Not Reported,Not Applicable
Polygon,61612,61612,PA,Canaima National Park,Parc national de Canaima,World Heritage Site (natural or mixed),World Heritage Site (natural or mixed),International,Not Applicable,(ix);(vii);(viii);(x),Terrestrial,0,0,30000,28828.4056050979,Not Applicable,0,Inscribed,1994,Not Reported,Not Applicable,Not Reported,Not Applicable,Not Reported,Not Reported,State Verified,946,VEN,VEN,Not Applicable,Not Applicable,Not Reported,Not Applicable
Polygon,124384,124384,PA,"Mount Emei Scenic Area, including Leshan Giant Buddha Scenic Area","Paysage panoramique du mont Emei, incluant le paysage panoramique du grand Bouddha  de Leshan",World Heritage Site (natural or mixed),World Heritage Site (natural or mixed),International,Not Applicable,(iv);(vi);(x),Terrestrial,0,0,154,255.975770440982,Not Applicable,0,Inscribed,1996,Not Reported,Not Applicable,Not Reported,Not Applicable,Not Reported,Not Reported,State Verified,946,CHN,CHN,Not Applicable,Not Applicable,Not Reported,Not Applicable
Polygon,555586733,555586733,PA,Southeast Farallon Island State Marine Conservation Area,Southeast Farallon Island State Marine Conservation Area,Marine Protected Area,Marine Protected Area,National,V,Not Applicable,Marine,0,33.5365698777789,33.5365798224,33.5365698777789,None,0,Designated,2010,Sub-national ministry or agency,Not Applicable,State,Not Applicable,State Fish and Wildlife,MPA Programmatic Management Plan,State Verified,1848,USA,USA,Not Applicable,Not Applicable,Not Applicable,Not Applicable
Polygon,555625661,555625661,PA,"Cacique Lempira, Señor de las Montañas","Cacique Lempira, Señor de las Montañas",UNESCO-MAB Biosphere Reserve,UNESCO-MAB Biosphere Reserve,International,Not Applicable,Not Applicable,Terrestrial,0,0,1686.34,154.944218911136,Not Applicable,0,Designated,2015,Not Reported,Not Applicable,Not Reported,Not Applicable,"El Instituto de Conservación y Desarrollo Forestal, Áreas Protegidas y Vida Silvestre,  La Mancomunidad MAPANCE PROCELAQUE.",Not Reported,State Verified,988,HND,HND,Not Applicable,Not Applicable,Not Reported,Not Applicable
Polygon,93239,93239,PA,Cwmllwyd Wood,Cwmllwyd Wood,Local Nature Reserve,Local Nature Reserve,National,Not Reported,Not Applicable,Terrestrial,0,0,0.0614,0.061375027422474,Not Applicable,0,Designated,1981,Sub-national ministry or agency,Not Applicable,Not Reported,Not Applicable,Not Reported,Not Reported,State Verified,2113,GBR,GBR,Not Applicable,Not Applicable,Not Reported,Not Applicable
Polygon,555655585,555655585,PA,Cascade Head Marine Reserve,Cascade Head Marine Reserve,Marine Protected Area,Marine Protected Area,National,Ia,Not Applicable,Marine,0,25.0074146561388,25.0882052063,25.0882053193126,All ,0,Designated,2014,Sub-national ministry or agency,Not Applicable,State,Not Applicable,State Fish and Wildlife,MPA Programmatic Management Plan,State Verified,1848,USA,USA,Not Applicable,Not Applicable,Not Applicable,Not Applicable
Point,902538,902538,PA,Qomolangma,Qomolangma,UNESCO-MAB Biosphere Reserve,UNESCO-MAB Biosphere Reserve,International,Not Applicable,Not Applicable,Terrestrial,0,,18235.91,,Not Applicable,0,Designated,2004,Not Reported,Not Applicable,Not Reported,Not Applicable,Not Reported,Not Reported,State Verified,1251,CHN,CHN,Not Applicable,Not Applicable,Not Reported,Not Applicable
Polygon,902356,902356,PA,Natural System of Wrangel Island Reserve,Natural System of Wrangel Island Reserve,World Heritage Site (natural or mixed),World Heritage Site (natural or mixed),International,Not Applicable,(ix);(x),Coastal,11543,12510.0249524775,19163,20226.2646540471,Not Reported,0,Inscribed,2004,Not Reported,Not Applicable,Not Reported,Not Applicable,Not Reported,Not Reported,State Verified,946,RUS,RUS,Not Applicable,Not Applicable,Not Reported,Not Applicable
Polygon,555698178,555698178,PA,Tehuacán-Cuicatlán Valley: originary habitat of Mesoamerica,Tehuacán-Cuicatlán Valley: originary habitat of Mesoamerica,World Heritage Site (natural or mixed),World Heritage Site (natural or mixed),International,Not Applicable,(iv);(x),Terrestrial,0,0,1452.552,1455.07098935012,Not Applicable,0,Inscribed,2018,Federal or national ministry or agency,Not Applicable,State,Not Applicable,Tehuacán-Cuicatlán Biosphere Reserve,Not Reported,State Verified,946,MEX,MEX,Not Applicable,Not Applicable,Not Reported,Not Applicable
Polygon,10933,10933,PA,Chiaksan,치악산,국립공원,National Park,National,II,Not Applicable,Terrestrial,0,0,175.667999268,175.249849734229,Not Applicable,0,Designated,1984,Federal or national ministry or agency,Not Applicable,Multiple ownership,Not Reported,Korea National Park Service,Not Reported,State Verified,1892,KOR,KOR,Not Applicable,Not Applicable,Not Reported,Not Applicable
Polygon,18337,18337,PA,Hawaii Volcanoes National Park,Parc national des volcans d'Hawaï,World Heritage Site (natural or mixed),World Heritage Site (natural or mixed),International,Not Applicable,(viii),Terrestrial,0,0.497243506393851,879.4,843.249711541385,Not Applicable,0,Inscribed,1987,Not Reported,Not Applicable,Not Reported,Not Applicable,Not Reported,Not Reported,State Verified,946,USA,USA,Not Applicable,Not Applicable,Not Reported,Not Applicable
Polygon,2573,2573,PA,Willandra Lakes Region,Région des lacs Willandra,World Heritage Site (natural or mixed),World Heritage Site (natural or mixed),International,Not Applicable,(iii);(viii),Terrestrial,0,0,2400,2391.84442355252,Not Applicable,0,Inscribed,1981,Not Reported,Not Applicable,Not Reported,Not Applicable,Not Reported,Not Reported,State Verified,946,AUS,AUS,Not Applicable,Not Applicable,Not Reported,Not Applicable
Polygon,2016,2016,PA,Plitvice Lakes National Park,Plitvice Lakes National Park,World Heritage Site (natural or mixed),World Heritage Site (natural or mixed),International,Not Applicable,(ix);(vii);(viii),Terrestrial,0,0,295.8171,295.838001002157,Not Applicable,0,Inscribed,1979,Not Reported,Not Applicable,Not Reported,Not Applicable,Not Reported,Not Reported,State Verified,946,HRV,HRV,Not Applicable,Not Applicable,Not Reported,Not Applicable
Polygon,555556049,555556049,PA,Tajik National Park (Mountains of the Pamirs),Parc national tadjik (montagnes du Pamir),World Heritage Site (natural or mixed),World Heritage Site (natural or mixed),International,Not Applicable,(vii);(viii),Terrestrial,0,0,26116.74,25370.2378709958,Not Applicable,0,Inscribed,2013,Not Reported,Not Applicable,Not Reported,Not Applicable,Not Reported,Not Reported,State Verified,946,TJK,TJK,Not Applicable,Not Applicable,Not Reported,Not Applicable
Polygon,14177,14177,PA,Sundarbans National Park,Parc national des Sundarbans,World Heritage Site (natural or mixed),World Heritage Site (natural or mixed),International,Not Applicable,(ix);(x),Coastal,0,241.595683219426,1330.1,1038.34317659393,Not Reported,0,Inscribed,1987,Not Reported,Not Applicable,Not Reported,Not Applicable,Not Reported,Not Reported,State Verified,946,IND,IND,Not Applicable,Not Applicable,Not Reported,Not Applicable
Polygon,306844,306844,PA,Selva El Ocote,Selva El Ocote,Reserva de la Biósfera,Biosphere Reserve,National,Ia,Not Applicable,Terrestrial,0,0,1012.8815125,1013.51862404329,Not Applicable,0,Designated,2000,Federal or national ministry or agency,Not Applicable,State,Not Applicable,National Commission of Natural Protected Areas,http://www.conanp.gob.mx/que_hacemos/pdf/programas_manejo/ocote.pdf,State Verified,1850,MEX,MEX,Not Applicable,Not Applicable,Not Reported,Not Applicable
Polygon,555674367,555674367,PA,Main Poland Road CR,Main Poland Road CR,Conservation Easement,Conservation Easement,National,Not Assigned,Not Applicable,Terrestrial,0,0,0.6934208096,0.693420772469197,Not Applicable,0,Designated,2011,Non-profit organisations,Not Applicable,Individual landowners,Not Applicable,Non-Governmental Organization,Not Reported,State Verified,1848,USA,USA,Not Applicable,Not Applicable,Not Reported,Not Applicable
Polygon,124387,124387,PA,Volcanoes of Kamchatka,Volcanoes of Kamchatka,World Heritage Site (natural or mixed),World Heritage Site (natural or mixed),International,Not Applicable,(ix);(vii);(viii);(x),Terrestrial,0,1781.28136680349,39957.6937,39914.0845137546,Not Applicable,0,Inscribed,1996,Not Reported,Not Applicable,Not Reported,Not Applicable,Not Reported,Not Reported,State Verified,946,RUS,RUS,Not Applicable,Not Applicable,Not Reported,Not Applicable
Polygon,9613,9613,PA,Pirin National Park,Parc national de Pirin,World Heritage Site (natural or mixed),World Heritage Site (natural or mixed),International,Not Applicable,(ix);(vii);(viii),Terrestrial,0,0,383.5004,392.352166131661,Not Applicable,0,Inscribed,1983,Not Reported,Not Applicable,Not Reported,Not Applicable,Not Reported,Not Reported,State Verified,946,BGR,BGR,Not Applicable,Not Applicable,Not Reported,Not Applicable
Polygon,555556046,555556046,PA,El Pinacate and Gran Desierto de Altar Biosphere Reserve,Reserva de la Biósfera El Pinacate y Gran Desierto de Altar,World Heritage Site (natural or mixed),World Heritage Site (natural or mixed),International,Not Applicable,(vii);(viii);(x),Terrestrial,0,0,7145.66,7290.75565040784,Not Applicable,0,Inscribed,2013,Federal or national ministry or agency,Not Applicable,Not Reported,Not Applicable,Ministry of the Environment and Natural Resources through the National Commission of Natural Protected Areas,Not Reported,State Verified,946,MEX,MEX,Not Applicable,Not Applicable,Not Reported,Not Applicable
Polygon,555587012,555587012,PA,South Humboldt Bay State Marine Recreational Manag Recreation,South Humboldt Bay State Marine Recreational Manag Recreation,Marine Protected Area,Marine Protected Area,National,Ia,Not Applicable,Marine,0,1.90912695254654,2.0858807875,2.08588082709525,All ,0,Designated,2012,Sub-national ministry or agency,Not Applicable,State,Not Applicable,State Fish and Wildlife,MPA Programmatic Management Plan,State Verified,1848,USA,USA,Not Applicable,Not Applicable,Not Applicable,Not Applicable
Polygon,315023,315023_3,PA,Lord Howe Island,Lord Howe Island,Marine Park,Marine Park,National,VI,Not Applicable,Marine,0.0168930478,0.0167368382116929,0.0168930478,0.0168930386776507,None,0,Designated,1999,Sub-national ministry or agency,Not Applicable,Not Reported,Not Applicable,AU-NSW_DPIRD,Not Reported,State Verified,1804,AUS,AUS,Not Applicable,Not Applicable,Not Applicable,Not Applicable
Polygon,555715518,555715518,PA,Chaîne des Puys - Limagne fault tectonic arena,Haut lieu tectonique Chaîne des Puys - faille de Limagne,World Heritage Site (natural or mixed),World Heritage Site (natural or mixed),International,Not Applicable,(viii),Terrestrial,0,0,242.23,264.66095453336,Not Applicable,0,Inscribed,2018,Not Reported,Not Applicable,Not Reported,Not Applicable,Not Reported,Not Reported,State Verified,946,FRA,FRA,Not Applicable,Not Applicable,Not Reported,Not Applicable
Polygon,979,979,PA,North Cascades,North Cascades,National Park,National Park,National,II,Not Applicable,Terrestrial,0,0,2028.4868908524,2028.46598137682,Not Applicable,0,Designated,1968,Federal or national ministry or agency,Not Applicable,State,Not Applicable,National Park Service,Not Reported,State Verified,1848,USA,USA,Not Applicable,Not Applicable,Not Reported,Not Applicable
Polygon,193596,193596,PA,Greenhead Moss and Perchy Pond,Greenhead Moss and Perchy Pond,Local Nature Reserve,Local Nature Reserve,National,Not Reported,Not Applicable,Terrestrial,0,0,0.9928,0.990444446011931,Not Applicable,0,Designated,1992,Sub-national ministry or agency,Not Applicable,Not Reported,Not Applicable,Not Reported,Not Reported,State Verified,2113,GBR,GBR,Not Applicable,Not Applicable,Not Reported,Not Applicable
Polygon,20399,20399,PA,Mosi-oa-Tunya / Victoria Falls,Mosi-oa-Tunya / Chutes Victoria,World Heritage Site (natural or mixed),World Heritage Site (natural or mixed),International,Not Applicable,(vii);(viii),Terrestrial,0,0,68.6,77.1469307258296,Not Applicable,0,Inscribed,1989,Not Reported,Not Applicable,Not Reported,Not Applicable,Not Reported,Not Reported,State Verified,946,ZMB;ZWE,ZMB;ZWE,Not Applicable,Not Applicable,Not Reported,Not Applicable
Polygon,67730,67730,PA,K'gari (Fraser Island),Île Fraser,World Heritage Site (natural or mixed),World Heritage Site (natural or mixed),International,Not Applicable,(ix);(vii);(viii),Terrestrial,0,141.132668439395,1818.51,1813.07485334258,Not Applicable,0,Inscribed,1992,Not Reported,Not Applicable,Not Reported,Not Applicable,Not Reported,Not Reported,State Verified,946,AUS,AUS,Not Applicable,Not Applicable,Not Reported,Not Applicable
Point,174407,174407,PA,2004316 2004090 (W-id) En gran(Vikarbyn),2004316 2004090 (W-id) En gran(Vikarbyn),Naturminne,Natural Monument,National,Not Assigned,Not Applicable,Terrestrial,0,,0,,Not Applicable,0,Designated,1950,Federal or national ministry or agency,Not Applicable,Not Reported,Not Applicable,County Administrative Board and Local Authorities,Not Reported,State Verified,2013,SWE,SWE,Not Applicable,Not Applicable,Not Reported,Not Applicable
Polygon,555839974,555839974,PA,Coastal and Marine Ecosystems of the Bijagós Archipelago – Omatí Minhô,Coastal and Marine Ecosystems of the Bijagós Archipelago – Omatí Minhô,World Heritage Site (natural or mixed),World Heritage Site (natural or mixed),International,Not Applicable,(ix);(x),Marine,0,3637.89639661423,3940.6728,3940.54706045403,Not Reported,0,Inscribed,2025,Not Reported,Not Applicable,Not Reported,Not Applicable,Not Reported,Not Reported,State Verified,946,GNB,GNB,Not Applicable,Not Applicable,Not Applicable,Not Applicable
Polygon,478060,478060,PA,Esteros de Farrapos e Islas del Río Uruguay,Esteros de Farrapos e Islas del Río Uruguay,Parque Nacional,National Park,National,II,Not Applicable,Coastal,0,32.372144990647,168.101202,164.328483614332,Not Reported,0,Designated,2008,Federal or national ministry or agency,Not Applicable,Multiple ownership,Not Reported,MVOTMA,Not Reported,State Verified,1709,URY,URY,Not Applicable,Not Applicable,Not Reported,Not Applicable
Polygon,555556048,555556048,PA,Namib Sand Sea,Erg du Namib,World Heritage Site (natural or mixed),World Heritage Site (natural or mixed),International,Not Applicable,(ix);(vii);(viii);(x),Terrestrial,0,66.054161897908,30777,30758.3646624983,Not Applicable,0,Inscribed,2013,Not Reported,Not Applicable,Not Reported,Not Applicable,Not Reported,Not Reported,State Verified,946,NAM,NAM,Not Applicable,Not Applicable,Not Reported,Not Applicable
Polygon,902483,902483,PA,Vredefort Dome,Dôme de Vredefort,World Heritage Site (natural or mixed),World Heritage Site (natural or mixed),International,Not Applicable,(viii),Terrestrial,0,0,301.11,314.435603410568,Not Applicable,0,Inscribed,2005,Not Reported,Not Applicable,Not Reported,Not Applicable,Not Reported,Not Reported,State Verified,946,ZAF,ZAF,Not Applicable,Not Applicable,Not Reported,Not Applicable
Polygon,900889,900889,PA,Ha Long Bay - Cat Ba Archipelago,Baie d'Ha-Long,World Heritage Site (natural or mixed),World Heritage Site (natural or mixed),International,Not Applicable,(vii);(viii),Coastal,0,538.052291307931,656.5,674.377792546993,Not Reported,0,Inscribed,1994,Not Reported,Not Applicable,Not Reported,Not Applicable,Not Reported,Not Reported,State Verified,946,VNM,VNM,Not Applicable,Not Applicable,Not Reported,Not Applicable
